"Type","Source","Destination","Size (Bytes)","Alt Text","Anchor","Status Code","Status","Follow","Target","Rel","Path Type","Link Path","Link Position","Link Origin"
"Hyperlink","https://cheapestcarinsurancetulsa.com/","https://cheapestcarinsurancetulsa.com/blog/insights/page/2/","0","","","404","Not Found","true","","","Absolute","//body/div[@id='page']/footer/a[@class='otto-dynamic-indexing-module'][35]","Footer","HTML"
"Hyperlink","https://cheapestcarinsurancetulsa.com/","https://cheapestcarinsurancetulsa.com/blog/insights/page/3/","0","","","404","Not Found","true","","","Absolute","//body/div[@id='page']/footer/a[@class='otto-dynamic-indexing-module'][36]","Footer","HTML"
"Hyperlink","https://cheapestcarinsurancetulsa.com/","https://cheapestcarinsurancetulsa.com/blog/insights/page/4/","0","","","404","Not Found","true","","","Absolute","//body/div[@id='page']/footer/a[@class='otto-dynamic-indexing-module'][44]","Footer","HTML"
"Hyperlink","https://cheapestcarinsurancetulsa.com/","https://cheapestcarinsurancetulsa.com/save-money-insurance/save-money-insurance-3-1uved-vehicle-enforcement/","0","","","404","Not Found","true","","","Absolute","//body/div[@id='page']/footer/a[@class='otto-dynamic-indexing-module'][57]","Footer","HTML"
"Hyperlink","https://cheapestcarinsurancetulsa.com/","https://cheapestcarinsurancetulsa.com/cheapest-car-insurance/","0","","","404","Not Found","true","","","Absolute","//body/div[@id='page']/footer/a[@class='otto-dynamic-indexing-module'][14]","Footer","HTML"
"Hyperlink","https://cheapestcarinsurancetulsa.com/","https://cheapestcarinsurancetulsa.com/contact/privacy-policy-cheapest-car-insurance/","0","","","404","Not Found","true","","","Absolute","//body/div[@id='page']/footer/a[@class='otto-dynamic-indexing-module'][15]","Footer","HTML"
"Hyperlink","https://cheapestcarinsurancetulsa.com/","https://cheapestcarinsurancetulsa.com/auto-quote/","0","","","404","Not Found","true","","","Absolute","//body/div[@id='page']/footer/a[@class='otto-dynamic-indexing-module'][1]","Footer","HTML"
"Hyperlink","https://cheapestcarinsurancetulsa.com/","https://cheapestcarinsurancetulsa.com/hey-what-are-you-waiting-for-come-and-enjoy-the-cheapest-car-autoshop/","0","","","404","Not Found","true","","","Absolute","//body/div[@id='page']/footer/a[@class='otto-dynamic-indexing-module'][4]","Footer","HTML"
"Hyperlink","https://cheapestcarinsurancetulsa.com/","https://cheapestcarinsurancetulsa.com/world-cheapest-car-autoshop/","0","","","404","Not Found","true","","","Absolute","//body/div[@id='page']/footer/a[@class='otto-dynamic-indexing-module'][6]","Footer","HTML"
"Hyperlink","https://cheapestcarinsurancetulsa.com/","https://cheapestcarinsurancetulsa.com/save-money-insurance/cheapestcarinsurancetulsa-savemoneyinsurance-essential-car-insurance-tips-for-new-teen-drivers/","0","","","404","Not Found","true","","","Absolute","//body/div[@id='page']/footer/a[@class='otto-dynamic-indexing-module'][32]","Footer","HTML"
"Hyperlink","https://cheapestcarinsurancetulsa.com/","https://cheapestcarinsurancetulsa.com/car-insurance-quality-coverage-low-cost/","0","","","404","Not Found","true","","","Absolute","//body/div[@id='page']/footer/a[@class='otto-dynamic-indexing-module'][3]","Footer","HTML"
"Hyperlink","https://cheapestcarinsurancetulsa.com/","https://cheapestcarinsurancetulsa.com/elementor-260/","0","","","404","Not Found","true","","","Absolute","//body/div[@id='page']/footer/a[@class='otto-dynamic-indexing-module'][13]","Footer","HTML"
"Hyperlink","https://cheapestcarinsurancetulsa.com/affordable-auto-insurance-secure-low-rates-in-tulsa-oklahoma/","https://cheapestcarinsurancetulsa.com/elementor-260/","0","","Elementor Page","404","Not Found","true","","","Absolute","//body/div[@id='page']/div[@id='content']/section[@id='blog-content']/div[@class='container']/div/div[1]/article/div/div/p[63]/a","Content","HTML"
"Hyperlink","https://cheapestcarinsurancetulsa.com/contact-us/","https://cheapestcarinsurancetulsa.com/elementor-260/","0","","Cheapest Car Insurance","404","Not Found","true","","","Absolute","//body/div/div[@id='content']/section[@id='service-page']/div[@class='container']/div/div[1]/div/p[3]/a[2]","Content","HTML"
"Hyperlink","https://cheapestcarinsurancetulsa.com/find-the-best-car-insurance-in-tulsa-oklahoma-a-comprehensive-guide/","https://cheapestcarinsurancetulsa.com/elementor-260/","0","","Elementor 260","404","Not Found","true","","","Absolute","//body/div[@id='page']/div[@id='content']/section[@id='blog-content']/div[@class='container']/div/div[1]/article/div/div/p[13]/a","Content","HTML"
"Hyperlink","https://cheapestcarinsurancetulsa.com/affordable-auto-insurance-secure-low-rates-in-tulsa-oklahoma/?swcfpc=1","https://cheapestcarinsurancetulsa.com/elementor-260/","0","","Elementor Page","404","Not Found","true","","","Absolute","//body/div/div[@id='content']/section[@id='blog-content']/div[@class='container']/div/div[1]/article/div/div/p[63]/a","Content","HTML"
"Hyperlink","https://cheapestcarinsurancetulsa.com/","https://cheapestcarinsurancetulsa.com/the-beginners-guide-to-buying-auto-insurance/","0","","","404","Not Found","true","","","Absolute","//body/div[@id='page']/footer/a[@class='otto-dynamic-indexing-module'][78]","Footer","HTML"
"Hyperlink","https://cheapestcarinsurancetulsa.com/","https://cheapestcarinsurancetulsa.com/save-money-insurance/3-1uved/","0","","","404","Not Found","true","","","Absolute","//body/div[@id='page']/footer/a[@class='otto-dynamic-indexing-module'][31]","Footer","HTML"
"Hyperlink","https://cheapestcarinsurancetulsa.com/","https://cheapestcarinsurancetulsa.com/blog-insights/","0","","","404","Not Found","true","","","Absolute","//body/div[@id='page']/footer/a[@class='otto-dynamic-indexing-module'][49]","Footer","HTML"
"Hyperlink","https://cheapestcarinsurancetulsa.com/","https://cheapestcarinsurancetulsa.com/save-money-insurance/guide-to-cheaper-auto-insurance-in-oklahoma/","0","","","404","Not Found","true","","","Absolute","//body/div[@id='page']/footer/a[@class='otto-dynamic-indexing-module'][47]","Footer","HTML"
"Hyperlink","https://cheapestcarinsurancetulsa.com/","https://cheapestcarinsurancetulsa.com/blog/","0","","","404","Not Found","true","","","Absolute","//body/div[@id='page']/footer/a[@class='otto-dynamic-indexing-module'][53]","Footer","HTML"
"Hyperlink","https://cheapestcarinsurancetulsa.com/understanding-premium-vs-standard-car-insurance-in-oklahoma/","https://cheapestcarinsurancetulsa.com/blog/","0","","Blog","404","Not Found","true","","","Absolute","//body/div/div[@id='content']/section[@id='blog-content']/div[@class='container']/div/div[1]/article/div/div/p[20]/a","Content","HTML"
"Hyperlink","https://cheapestcarinsurancetulsa.com/finding-the-ideal-age-for-maximum-car-insurance-savings-in-oklahoma-city/","https://cheapestcarinsurancetulsa.com/blog/","0","","Blog","404","Not Found","true","","","Absolute","//body/div/div[@id='content']/section[@id='blog-content']/div[@class='container']/div/div[1]/article/div/div/p[8]/a[1]","Content","HTML"
"Hyperlink","https://cheapestcarinsurancetulsa.com/ok-uninsured-vehicle-program/cheapest-auto-insurance-tulsa/","https://cheapestcarinsurancetulsa.com/blog/","0","","blog","404","Not Found","true","","","Absolute","//body/div/div[@id='content']/section/div[@class='container']/div/div/div/div/div/div/div/div/p[101]/a[3]","Content","HTML"
"Hyperlink","https://cheapestcarinsurancetulsa.com/","https://cheapestcarinsurancetulsa.com/blog/blog-insights/","0","","","404","Not Found","true","","","Absolute","//body/div[@id='page']/footer/a[@class='otto-dynamic-indexing-module'][65]","Footer","HTML"
"Hyperlink","https://cheapestcarinsurancetulsa.com/","https://cheapestcarinsurancetulsa.com/tulsa-car-insurance/","0","","","404","Not Found","true","","","Absolute","//body/div[@id='page']/footer/a[@class='otto-dynamic-indexing-module'][5]","Footer","HTML"
"Hyperlink","https://cheapestcarinsurancetulsa.com/","https://cheapestcarinsurancetulsa.com/https-cheapestcarinsurancetulsa-com/guide-to-cheaper-auto-insurance-in-oklahoma/","0","","","404","Not Found","true","","","Absolute","//body/div[@id='page']/footer/a[@class='otto-dynamic-indexing-module'][34]","Footer","HTML"
"Hyperlink","https://cheapestcarinsurancetulsa.com/","https://cheapestcarinsurancetulsa.com/save-money-insurance/save-money-insurance-progressive-auto-insurance/","0","","","404","Not Found","true","","","Absolute","//body/div[@id='page']/footer/a[@class='otto-dynamic-indexing-module'][46]","Footer","HTML"
"Hyperlink","https://cheapestcarinsurancetulsa.com/understanding-premium-vs-standard-car-insurance-in-oklahoma/","https://cheapestcarinsurancetulsa.com/contact-us/privacy-policy-cheapest-car-insurance/","0","","privacy-policy-cheapest-car-insurance","404","Not Found","true","","","Absolute","//body/div/div[@id='content']/section[@id='blog-content']/div[@class='container']/div/div[1]/article/div/div/p[7]/a","Content","HTML"
"Hyperlink","https://cheapestcarinsurancetulsa.com/finding-the-ideal-age-for-maximum-car-insurance-savings-in-oklahoma-city/","https://cheapestcarinsurancetulsa.com/contact-us/privacy-policy-cheapest-car-insurance/","0","","Privacy Policy","404","Not Found","true","","","Absolute","//body/div/div[@id='content']/section[@id='blog-content']/div[@class='container']/div/div[1]/article/div/div/p[8]/a[3]","Content","HTML"
"Hyperlink","https://cheapestcarinsurancetulsa.com/understanding-premium-vs-standard-car-insurance-in-oklahoma/","https://cheapestcarinsurancetulsa.com/savemoney/","0","","save money","404","Not Found","true","","","Absolute","//body/div/div[@id='content']/section[@id='blog-content']/div[@class='container']/div/div[1]/article/div/div/p[2]/a[3]","Content","HTML"
"Hyperlink","https://cheapestcarinsurancetulsa.com/finding-the-ideal-age-for-maximum-car-insurance-savings-in-oklahoma-city/","https://cheapestcarinsurancetulsa.com/savemoney/","0","","Save Money","404","Not Found","true","","","Absolute","//body/div/div[@id='content']/section[@id='blog-content']/div[@class='container']/div/div[1]/article/div/div/p[2]/a[1]","Content","HTML"
"Hyperlink","https://cheapestcarinsurancetulsa.com/navigating-oklahoma-roads-a-comprehensive-guide-to-driving-and-car-insurance-in-ok/","https://cheapestcarinsurancetulsa.com/savemoney/","0","","savemoney","404","Not Found","true","","","Absolute","//body/div/div[@id='content']/section[@id='blog-content']/div[@class='container']/div/div[1]/article/div/div/p[2]/a","Content","HTML"
"CSS","https://cheapestcarinsurancetulsa.com/technology/","https://cheapestcarinsurancetulsa.com/wp-content/uploads/elementor/css/post-809.css?ver=1767274252","0","","","404","Not Found","true","","","Absolute","//head/link[@id='elementor-post-809-css']","Head","HTML"
"Hyperlink","https://cheapestcarinsurancetulsa.com/technology/","https://cheapestcarinsurancetulsa.com/https-cheapestcarinsurancetulsa-com/guide-to-auto-insurance-in-oklahoma/","0","","Auto Insurance in Oklahoma independent insurance agencies","404","Not Found","true","","","Absolute","//body/div/div[@id='content']/section/div[@class='container']/div/div/div/div/div/div/div/div/p[9]/u/a[1]","Content","HTML"
"Hyperlink","https://cheapestcarinsurancetulsa.com/understanding-premium-vs-standard-car-insurance-in-oklahoma/","https://cheapestcarinsurancetulsa.com/https-cheapestcarinsurancetulsa-com/guide-to-auto-insurance-in-oklahoma/","0","","Cheapest Car Insurance Tulsa","404","Not Found","true","","","Absolute","//body/div/div[@id='content']/section[@id='blog-content']/div[@class='container']/div/div[1]/article/div/div/p[2]/a[1]","Content","HTML"
"Hyperlink","https://cheapestcarinsurancetulsa.com/finding-the-ideal-age-for-maximum-car-insurance-savings-in-oklahoma-city/","https://cheapestcarinsurancetulsa.com/https-cheapestcarinsurancetulsa-com/guide-to-auto-insurance-in-oklahoma/","0","","Auto Insurance in Oklahoma","404","Not Found","true","","","Absolute","//body/div/div[@id='content']/section[@id='blog-content']/div[@class='container']/div/div[1]/article/div/div/p[2]/a[3]","Content","HTML"
"Hyperlink","https://cheapestcarinsurancetulsa.com/navigating-oklahoma-roads-a-comprehensive-guide-to-driving-and-car-insurance-in-ok/","https://cheapestcarinsurancetulsa.com/https-cheapestcarinsurancetulsa-com/guide-to-auto-insurance-in-oklahoma/","0","","Auto Insurance in Oklahoma","404","Not Found","true","","","Absolute","//body/div/div[@id='content']/section[@id='blog-content']/div[@class='container']/div/div[1]/article/div/div/p[31]/a","Content","HTML"
"Hyperlink","https://cheapestcarinsurancetulsa.com/affordable-auto-insurance-secure-low-rates-in-tulsa-oklahoma/","https://cheapestcarinsurancetulsa.com/progressive-car-insurance/","0","","Progressive Car Insurance","404","Not Found","true","","","Absolute","//body/div[@id='page']/div[@id='content']/section[@id='blog-content']/div[@class='container']/div/div[1]/article/div/div/p[2]/a[2]","Content","HTML"
"Hyperlink","https://cheapestcarinsurancetulsa.com/technology/","https://cheapestcarinsurancetulsa.com/progressive-car-insurance/","0","","Progressive Car Insurance","404","Not Found","true","","","Absolute","//body/div/div[@id='content']/section/div[@class='container']/div/div/div/div/div/div/div/div/p[72]/u/a[2]","Content","HTML"
"Hyperlink","https://cheapestcarinsurancetulsa.com/understanding-premium-vs-standard-car-insurance-in-oklahoma/","https://cheapestcarinsurancetulsa.com/progressive-car-insurance/","0","","progressive car insurance","404","Not Found","true","","","Absolute","//body/div/div[@id='content']/section[@id='blog-content']/div[@class='container']/div/div[1]/article/div/div/p[2]/a[2]","Content","HTML"
"Hyperlink","https://cheapestcarinsurancetulsa.com/finding-the-ideal-age-for-maximum-car-insurance-savings-in-oklahoma-city/","https://cheapestcarinsurancetulsa.com/progressive-car-insurance/","0","","progressive car insurance","404","Not Found","true","","","Absolute","//body/div/div[@id='content']/section[@id='blog-content']/div[@class='container']/div/div[1]/article/div/div/p[2]/a[2]","Content","HTML"
"Hyperlink","https://cheapestcarinsurancetulsa.com/navigating-oklahoma-roads-a-comprehensive-guide-to-driving-and-car-insurance-in-ok/","https://cheapestcarinsurancetulsa.com/progressive-car-insurance/","0","","Progressive Car Insurance","404","Not Found","true","","","Absolute","//body/div/div[@id='content']/section[@id='blog-content']/div[@class='container']/div/div[1]/article/div/div/p[37]/a","Content","HTML"
"Hyperlink","https://cheapestcarinsurancetulsa.com/contact-us/","https://cheapestcarinsurancetulsa.com/progressive-car-insurance/","0","","Progressive","404","Not Found","true","","","Absolute","//body/div/div[@id='content']/section[@id='service-page']/div[@class='container']/div/div[1]/div/p[2]/a","Content","HTML"
"Hyperlink","https://cheapestcarinsurancetulsa.com/contact-us/","https://cheapestcarinsurancetulsa.com/progressive-car-insurance/","0","","Progressive","404","Not Found","true","","","Absolute","//body/div/div[@id='content']/section[@id='service-page']/div[@class='container']/div/div[1]/div/p[3]/a[3]","Content","HTML"
"Hyperlink","https://cheapestcarinsurancetulsa.com/how-to-calculate-your-car-insurance-premiums-a-comprehensive-guide/","https://cheapestcarinsurancetulsa.com/progressive-car-insurance/","0","","Progressive Car Insurance","404","Not Found","true","","","Absolute","//body/div/div[@id='content']/section[@id='blog-content']/div[@class='container']/div/div[1]/article/div/div/p[63]/a[2]","Content","HTML"
"Hyperlink","https://cheapestcarinsurancetulsa.com/find-the-best-car-insurance-in-tulsa-oklahoma-a-comprehensive-guide/","https://cheapestcarinsurancetulsa.com/progressive-car-insurance/","0","","progressive car insurance","404","Not Found","true","","","Absolute","//body/div[@id='page']/div[@id='content']/section[@id='blog-content']/div[@class='container']/div/div[1]/article/div/div/p[5]/a","Content","HTML"
"Hyperlink","https://cheapestcarinsurancetulsa.com/ok-uninsured-vehicle-program/cheapest-auto-insurance-tulsa/","https://cheapestcarinsurancetulsa.com/progressive-car-insurance/","0","","insurance rates","404","Not Found","true","","","Absolute","//body/div/div[@id='content']/section/div[@class='container']/div/div/div/div/div/div/div/div/p[41]/a[2]","Content","HTML"
"Hyperlink","https://cheapestcarinsurancetulsa.com/ok-uninsured-vehicle-program/cheapest-auto-insurance-tulsa/","https://cheapestcarinsurancetulsa.com/progressive-car-insurance/","0","","electronic funds transfer","404","Not Found","true","","","Absolute","//body/div/div[@id='content']/section/div[@class='container']/div/div/div/div/div/div/div/div/p[44]/a[3]","Content","HTML"
"Hyperlink","https://cheapestcarinsurancetulsa.com/ok-uninsured-vehicle-program/cheapest-auto-insurance-tulsa/","https://cheapestcarinsurancetulsa.com/progressive-car-insurance/","0","","Progressive","404","Not Found","true","","","Absolute","//body/div/div[@id='content']/section/div[@class='container']/div/div/div/div/div/div/div/div/p[92]/a","Content","HTML"
"Hyperlink","https://cheapestcarinsurancetulsa.com/affordable-auto-insurance-secure-low-rates-in-tulsa-oklahoma/?swcfpc=1","https://cheapestcarinsurancetulsa.com/progressive-car-insurance/","0","","Progressive Car Insurance","404","Not Found","true","","","Absolute","//body/div/div[@id='content']/section[@id='blog-content']/div[@class='container']/div/div[1]/article/div/div/p[2]/a[2]","Content","HTML"
