"Address","Occurrences","Indexability","Indexability Status","Canonical Link Element 1","HTTP Canonical","Meta Robots 1","X-Robots-Tag 1","rel=""next"" 1","rel=""prev"" 1","HTTP rel=""next"" 1","HTTP rel=""prev"" 1"
"https://cheapestcarinsurancetulsa.com/","1","Indexable","","https://cheapestcarinsurancetulsa.com/","","index, follow","","","","",""
"https://cheapestcarinsurancetulsa.com/industry-news","1","Indexable","","https://cheapestcarinsurancetulsa.com/industry-news","","index, follow","","","","",""
"https://cheapestcarinsurancetulsa.com/faq","1","Indexable","","https://cheapestcarinsurancetulsa.com/faq","","index, follow","","","","",""
"https://cheapestcarinsurancetulsa.com/accessibility","1","Indexable","","https://cheapestcarinsurancetulsa.com/accessibility","","index, follow","","","","",""
"https://cheapestcarinsurancetulsa.com/about","1","Indexable","","https://cheapestcarinsurancetulsa.com/about","","index, follow","","","","",""
"https://cheapestcarinsurancetulsa.com/blog/maximize-cost-savings-with-ai-automation-in-insurance-how-to-reduce-costs-and-boost-efficiency","1","Indexable","","https://cheapestcarinsurancetulsa.com/blog/maximize-cost-savings-with-ai-automation-in-insurance-how-to-reduce-costs-and-boost-efficiency","","index, follow","","","","",""
"https://cheapestcarinsurancetulsa.com/quote","1","Indexable","","https://cheapestcarinsurancetulsa.com/quote","","index, follow","","","","",""
"https://cheapestcarinsurancetulsa.com/blog/ezlynx-ams-crm-rater-a-practical-breakdown-for-independent-insurance-agencies","1","Indexable","","https://cheapestcarinsurancetulsa.com/blog/ezlynx-ams-crm-rater-a-practical-breakdown-for-independent-insurance-agencies","","index, follow","","","","",""
"https://cheapestcarinsurancetulsa.com/oklahoma-car-insurance-guide","1","Indexable","","https://cheapestcarinsurancetulsa.com/oklahoma-car-insurance-guide","","index, follow","","","","",""
"https://cheapestcarinsurancetulsa.com/privacy","1","Indexable","","https://cheapestcarinsurancetulsa.com/privacy","","index, follow","","","","",""
"https://cheapestcarinsurancetulsa.com/terms","1","Indexable","","https://cheapestcarinsurancetulsa.com/terms","","index, follow","","","","",""
"https://cheapestcarinsurancetulsa.com/blog/auto-and-home-insurance-rater-software-compare-quotes-save-time-and-boost-agency-efficiency","1","Indexable","","https://cheapestcarinsurancetulsa.com/blog/auto-and-home-insurance-rater-software-compare-quotes-save-time-and-boost-agency-efficiency","","index, follow","","","","",""
"https://cheapestcarinsurancetulsa.com/sms-terms","1","Indexable","","https://cheapestcarinsurancetulsa.com/sms-terms","","index, follow","","","","",""
"https://cheapestcarinsurancetulsa.com/editorial-standards","1","Indexable","","https://cheapestcarinsurancetulsa.com/editorial-standards","","index, follow","","","","",""
"https://cheapestcarinsurancetulsa.com/blog","1","Indexable","","https://cheapestcarinsurancetulsa.com/blog","","index, follow","","","","",""
"https://cheapestcarinsurancetulsa.com/blog/tulsa-best-car-insurance","1","Indexable","","https://cheapestcarinsurancetulsa.com/blog/tulsa-best-car-insurance","","index, follow","","","","",""
"https://cheapestcarinsurancetulsa.com/blog/cheaper-auto-insurance-oklahoma","1","Indexable","","https://cheapestcarinsurancetulsa.com/blog/cheaper-auto-insurance-oklahoma","","index, follow","","","","",""
"https://cheapestcarinsurancetulsa.com/blog/ezlynx-ams-crm-rater","1","Indexable","","https://cheapestcarinsurancetulsa.com/blog/ezlynx-ams-crm-rater","","index, follow","","","","",""
"https://cheapestcarinsurancetulsa.com/blog/tulsa-teen-drivers-tips-for-affordable-car-insurance","1","Indexable","","https://cheapestcarinsurancetulsa.com/blog/tulsa-teen-drivers-tips-for-affordable-car-insurance","","index, follow","","","","",""
"https://cheapestcarinsurancetulsa.com/blog/comprehensive-guide-to-car-insurance-in-tulsa-oklahoma","1","Indexable","","https://cheapestcarinsurancetulsa.com/blog/comprehensive-guide-to-car-insurance-in-tulsa-oklahoma","","index, follow","","","","",""
"https://cheapestcarinsurancetulsa.com/blog/full-coverage-car-insurance-2024","1","Indexable","","https://cheapestcarinsurancetulsa.com/blog/full-coverage-car-insurance-2024","","index, follow","","","","",""
"https://cheapestcarinsurancetulsa.com/blog/the-quotely-ai-revolution-1-37-hour-vs-15-hour-staff","1","Indexable","","https://cheapestcarinsurancetulsa.com/blog/the-quotely-ai-revolution-1-37-hour-vs-15-hour-staff","","index, follow","","","","",""
"https://cheapestcarinsurancetulsa.com/blog/comprehensive-guide-to-comparative-rating-software-for-independent-insurance-agents","1","Indexable","","https://cheapestcarinsurancetulsa.com/blog/comprehensive-guide-to-comparative-rating-software-for-independent-insurance-agents","","index, follow","","","","",""
"https://cheapestcarinsurancetulsa.com/car-insurance-sand-springs","1","Indexable","","https://cheapestcarinsurancetulsa.com/car-insurance-sand-springs","","index, follow","","","","",""
"https://cheapestcarinsurancetulsa.com/car-insurance-bixby","1","Indexable","","https://cheapestcarinsurancetulsa.com/car-insurance-bixby","","index, follow","","","","",""
"https://cheapestcarinsurancetulsa.com/progressive-car-insurance","1","Indexable","","https://cheapestcarinsurancetulsa.com/progressive-car-insurance","","index, follow","","","","",""
"https://cheapestcarinsurancetulsa.com/car-insurance-collinsville","1","Indexable","","https://cheapestcarinsurancetulsa.com/car-insurance-collinsville","","index, follow","","","","",""
"https://cheapestcarinsurancetulsa.com/car-insurance-owasso","1","Indexable","","https://cheapestcarinsurancetulsa.com/car-insurance-owasso","","index, follow","","","","",""
"https://cheapestcarinsurancetulsa.com/car-insurance-glenpool","1","Indexable","","https://cheapestcarinsurancetulsa.com/car-insurance-glenpool","","index, follow","","","","",""
"https://cheapestcarinsurancetulsa.com/car-insurance-broken-arrow","1","Indexable","","https://cheapestcarinsurancetulsa.com/car-insurance-broken-arrow","","index, follow","","","","",""
"https://cheapestcarinsurancetulsa.com/car-insurance-jenks","1","Indexable","","https://cheapestcarinsurancetulsa.com/car-insurance-jenks","","index, follow","","","","",""
"https://cheapestcarinsurancetulsa.com/car-insurance-sapulpa","1","Indexable","","https://cheapestcarinsurancetulsa.com/car-insurance-sapulpa","","index, follow","","","","",""
"https://cheapestcarinsurancetulsa.com/blog/ai-automation-advantages-transforming-insurance-operations","1","Indexable","","https://cheapestcarinsurancetulsa.com/blog/ai-automation-advantages-transforming-insurance-operations","","index, follow","","","","",""
"https://cheapestcarinsurancetulsa.com/blog/why-ai-driven-insurance-software-outperforms-traditional-methods","1","Indexable","","https://cheapestcarinsurancetulsa.com/blog/why-ai-driven-insurance-software-outperforms-traditional-methods","","index, follow","","","","",""
"https://cheapestcarinsurancetulsa.com/blog/insurance-agent-platform-how-to-boost-agency-productivity-and-operational-intelligence","1","Indexable","","https://cheapestcarinsurancetulsa.com/blog/insurance-agent-platform-how-to-boost-agency-productivity-and-operational-intelligence","","index, follow","","","","",""
"https://cheapestcarinsurancetulsa.com/blog/gail-insurtech-platform-how-ai-empowers-independent-insurance-agents-to-boost-sales-and-efficiency","1","Indexable","","https://cheapestcarinsurancetulsa.com/blog/gail-insurtech-platform-how-ai-empowers-independent-insurance-agents-to-boost-sales-and-efficiency","","index, follow","","","","",""
"https://cheapestcarinsurancetulsa.com/blog/3-7equity-auto-insurance","1","Indexable","","https://cheapestcarinsurancetulsa.com/blog/3-7equity-auto-insurance","","index, follow","","","","",""
"https://cheapestcarinsurancetulsa.com/blog/why-comprehensive-coverage-is-a-must-for-tulsas-storm-season","1","Indexable","","https://cheapestcarinsurancetulsa.com/blog/why-comprehensive-coverage-is-a-must-for-tulsas-storm-season","","index, follow","","","","",""
"https://cheapestcarinsurancetulsa.com/blog/car-insurance-in-oklahoma","1","Indexable","","https://cheapestcarinsurancetulsa.com/blog/car-insurance-in-oklahoma","","index, follow","","","","",""
"https://cheapestcarinsurancetulsa.com/blog/the-impact-of-credit-scores-on-auto-insurance-premiums","1","Indexable","","https://cheapestcarinsurancetulsa.com/blog/the-impact-of-credit-scores-on-auto-insurance-premiums","","index, follow","","","","",""
"https://cheapestcarinsurancetulsa.com/blog/blog-post-title","1","Indexable","","https://cheapestcarinsurancetulsa.com/blog/blog-post-title","","index, follow","","","","",""
"https://cheapestcarinsurancetulsa.com/blog/ai-automation-benefits-in-insurance-software-how-ai-enhances-efficiency-accuracy-and-customer-experience","1","Indexable","","https://cheapestcarinsurancetulsa.com/blog/ai-automation-benefits-in-insurance-software-how-ai-enhances-efficiency-accuracy-and-customer-experience","","index, follow","","","","",""
"https://cheapestcarinsurancetulsa.com/blog/comparing-auto-insurance-costs-tulsa-vs-major-cities","1","Indexable","","https://cheapestcarinsurancetulsa.com/blog/comparing-auto-insurance-costs-tulsa-vs-major-cities","","index, follow","","","","",""
"https://cheapestcarinsurancetulsa.com/blog/ai-automation-benefits-for-efficiency-in-insurance-how-ai-enhances-operations-accuracy-and-customer-experience","1","Indexable","","https://cheapestcarinsurancetulsa.com/blog/ai-automation-benefits-for-efficiency-in-insurance-how-ai-enhances-operations-accuracy-and-customer-experience","","index, follow","","","","",""
"https://cheapestcarinsurancetulsa.com/blog/navigating-oklahoma-roads-a-comprehensive-guide-to-driving-and-car-insurance-in-ok","1","Indexable","","https://cheapestcarinsurancetulsa.com/blog/navigating-oklahoma-roads-a-comprehensive-guide-to-driving-and-car-insurance-in-ok","","index, follow","","","","",""
"https://cheapestcarinsurancetulsa.com/blog/how-to-calculate-your-car-insurance-premiums-a-comprehensive-guide","1","Indexable","","https://cheapestcarinsurancetulsa.com/blog/how-to-calculate-your-car-insurance-premiums-a-comprehensive-guide","","index, follow","","","","",""
"https://cheapestcarinsurancetulsa.com/blog/save-big-by-bundling-home-and-auto-insurance-in-tulsa","1","Indexable","","https://cheapestcarinsurancetulsa.com/blog/save-big-by-bundling-home-and-auto-insurance-in-tulsa","","index, follow","","","","",""
"https://cheapestcarinsurancetulsa.com/blog/save-money-insurance","1","Indexable","","https://cheapestcarinsurancetulsa.com/blog/save-money-insurance","","index, follow","","","","",""
"https://cheapestcarinsurancetulsa.com/blog/how-ai-solutions-transform-efficiency-in-insurance-software-for-independent-agents-and-agencies","1","Indexable","","https://cheapestcarinsurancetulsa.com/blog/how-ai-solutions-transform-efficiency-in-insurance-software-for-independent-agents-and-agencies","","index, follow","","","","",""
"https://cheapestcarinsurancetulsa.com/blog/how-cars-and-trucks-alter-insurance-premiums-in-tulsa","1","Indexable","","https://cheapestcarinsurancetulsa.com/blog/how-cars-and-trucks-alter-insurance-premiums-in-tulsa","","index, follow","","","","",""
"https://cheapestcarinsurancetulsa.com/blog/https-cheapestcarinsurancetulsa-com-top-10-reliable-cars-for-every-budget-in-tulsa","1","Indexable","","https://cheapestcarinsurancetulsa.com/blog/https-cheapestcarinsurancetulsa-com-top-10-reliable-cars-for-every-budget-in-tulsa","","index, follow","","","","",""
"https://cheapestcarinsurancetulsa.com/blog/types-of-car-insurance-coverage-explained","1","Indexable","","https://cheapestcarinsurancetulsa.com/blog/types-of-car-insurance-coverage-explained","","index, follow","","","","",""
"https://cheapestcarinsurancetulsa.com/blog/insights","1","Indexable","","https://cheapestcarinsurancetulsa.com/blog/insights","","index, follow","","","","",""
"https://cheapestcarinsurancetulsa.com/blog/what-to-do-after-a-car-accident","1","Indexable","","https://cheapestcarinsurancetulsa.com/blog/what-to-do-after-a-car-accident","","index, follow","","","","",""
"https://cheapestcarinsurancetulsa.com/blog/the-ultimate-guide-to-self-care-daily-habits-to-boost-your-mood","1","Indexable","","https://cheapestcarinsurancetulsa.com/blog/the-ultimate-guide-to-self-care-daily-habits-to-boost-your-mood","","index, follow","","","","",""
"https://cheapestcarinsurancetulsa.com/blog/your-ultimate-guide-to-insurance-agency-management-systems-features-benefits-and-solutions-for-agents","1","Indexable","","https://cheapestcarinsurancetulsa.com/blog/your-ultimate-guide-to-insurance-agency-management-systems-features-benefits-and-solutions-for-agents","","index, follow","","","","",""
"https://cheapestcarinsurancetulsa.com/blog/why-tulsa-drivers-should-consider-uninsured-motorist-coverage","1","Indexable","","https://cheapestcarinsurancetulsa.com/blog/why-tulsa-drivers-should-consider-uninsured-motorist-coverage","","index, follow","","","","",""
"https://cheapestcarinsurancetulsa.com/blog/why-every-oklahoman-needs-quality-car-insurance-2","1","Indexable","","https://cheapestcarinsurancetulsa.com/blog/why-every-oklahoman-needs-quality-car-insurance-2","","index, follow","","","","",""
"https://cheapestcarinsurancetulsa.com/blog/find-the-best-car-insurance-in-tulsa-oklahoma-a-comprehensive-guide","1","Indexable","","https://cheapestcarinsurancetulsa.com/blog/find-the-best-car-insurance-in-tulsa-oklahoma-a-comprehensive-guide","","index, follow","","","","",""
"https://cheapestcarinsurancetulsa.com/blog/comparing-full-coverage-vs-liability-insurance-for-oklahoma-drivers","1","Indexable","","https://cheapestcarinsurancetulsa.com/blog/comparing-full-coverage-vs-liability-insurance-for-oklahoma-drivers","","index, follow","","","","",""
"https://cheapestcarinsurancetulsa.com/blog/updating-your-car-insurance-policy-following-significant-life-events","1","Indexable","","https://cheapestcarinsurancetulsa.com/blog/updating-your-car-insurance-policy-following-significant-life-events","","index, follow","","","","",""
"https://cheapestcarinsurancetulsa.com/blog/modernize-insurance-agencies-with-quotelys-insurtech-operating-system-2","1","Indexable","","https://cheapestcarinsurancetulsa.com/blog/modernize-insurance-agencies-with-quotelys-insurtech-operating-system-2","","index, follow","","","","",""
"https://cheapestcarinsurancetulsa.com/blog/navigating-the-claims-process-for-totaled-vehicles","1","Indexable","","https://cheapestcarinsurancetulsa.com/blog/navigating-the-claims-process-for-totaled-vehicles","","index, follow","","","","",""
"https://cheapestcarinsurancetulsa.com/blog/save-money-on-car-insurance","1","Indexable","","https://cheapestcarinsurancetulsa.com/blog/save-money-on-car-insurance","","index, follow","","","","",""
"https://cheapestcarinsurancetulsa.com/blog/teen-insure-tips","1","Indexable","","https://cheapestcarinsurancetulsa.com/blog/teen-insure-tips","","index, follow","","","","",""
"https://cheapestcarinsurancetulsa.com/blog/why-every-oklahoman-needs-quality-car-insurance","1","Indexable","","https://cheapestcarinsurancetulsa.com/blog/why-every-oklahoman-needs-quality-car-insurance","","index, follow","","","","",""
"https://cheapestcarinsurancetulsa.com/blog/ok","1","Indexable","","https://cheapestcarinsurancetulsa.com/blog/ok","","index, follow","","","","",""
"https://cheapestcarinsurancetulsa.com/blog/how-to-plan-a-last-minute-weekend-getaway","1","Indexable","","https://cheapestcarinsurancetulsa.com/blog/how-to-plan-a-last-minute-weekend-getaway","","index, follow","","","","",""
"https://cheapestcarinsurancetulsa.com/blog/new-driver-essential-car-insurance-tips-for-2024","1","Indexable","","https://cheapestcarinsurancetulsa.com/blog/new-driver-essential-car-insurance-tips-for-2024","","index, follow","","","","",""
"https://cheapestcarinsurancetulsa.com/blog/understanding-premium-vs-standard-car-insurance-in-oklahoma","1","Indexable","","https://cheapestcarinsurancetulsa.com/blog/understanding-premium-vs-standard-car-insurance-in-oklahoma","","index, follow","","","","",""
"https://cheapestcarinsurancetulsa.com/blog/evaluating-full-coverage-car-insurance-benefits-and-considerations","1","Indexable","","https://cheapestcarinsurancetulsa.com/blog/evaluating-full-coverage-car-insurance-benefits-and-considerations","","index, follow","","","","",""
"https://cheapestcarinsurancetulsa.com/blog/deepseek-r1-model","1","Indexable","","https://cheapestcarinsurancetulsa.com/blog/deepseek-r1-model","","index, follow","","","","",""
"https://cheapestcarinsurancetulsa.com/blog/what-are-the-key-benefits-of-ai-automation-in-insurance","1","Indexable","","https://cheapestcarinsurancetulsa.com/blog/what-are-the-key-benefits-of-ai-automation-in-insurance","","index, follow","","","","",""
"https://cheapestcarinsurancetulsa.com/blog/oklahoma-auto-insurance-guide","1","Indexable","","https://cheapestcarinsurancetulsa.com/blog/oklahoma-auto-insurance-guide","","index, follow","","","","",""
"https://cheapestcarinsurancetulsa.com/blog/financial-security-in-insurance","1","Indexable","","https://cheapestcarinsurancetulsa.com/blog/financial-security-in-insurance","","index, follow","","","","",""
"https://cheapestcarinsurancetulsa.com/blog/child-safety-driving-with-babies","1","Indexable","","https://cheapestcarinsurancetulsa.com/blog/child-safety-driving-with-babies","","index, follow","","","","",""
"https://cheapestcarinsurancetulsa.com/blog/10-common-mistakes-tulsa-drivers-make-when-buying-auto-insurance","1","Indexable","","https://cheapestcarinsurancetulsa.com/blog/10-common-mistakes-tulsa-drivers-make-when-buying-auto-insurance","","index, follow","","","","",""
"https://cheapestcarinsurancetulsa.com/blog/understanding-the-basics-of-car-insurance","1","Indexable","","https://cheapestcarinsurancetulsa.com/blog/understanding-the-basics-of-car-insurance","","index, follow","","","","",""
"https://cheapestcarinsurancetulsa.com/blog/buying-auto-insurance-guide","1","Indexable","","https://cheapestcarinsurancetulsa.com/blog/buying-auto-insurance-guide","","index, follow","","","","",""
"https://cheapestcarinsurancetulsa.com/blog/is-your-car-properly-insured","1","Indexable","","https://cheapestcarinsurancetulsa.com/blog/is-your-car-properly-insured","","index, follow","","","","",""
"https://cheapestcarinsurancetulsa.com/blog/finding-the-ideal-age-for-maximum-car-insurance-savings-in-oklahoma-city","1","Indexable","","https://cheapestcarinsurancetulsa.com/blog/finding-the-ideal-age-for-maximum-car-insurance-savings-in-oklahoma-city","","index, follow","","","","",""
"https://cheapestcarinsurancetulsa.com/blog/updating-your-car-insurance-policy-following-significant-life-events-2","1","Indexable","","https://cheapestcarinsurancetulsa.com/blog/updating-your-car-insurance-policy-following-significant-life-events-2","","index, follow","","","","",""
"https://cheapestcarinsurancetulsa.com/blog/understanding-car-insurance-a-guide-to-safe-auto-coverage-options","1","Indexable","","https://cheapestcarinsurancetulsa.com/blog/understanding-car-insurance-a-guide-to-safe-auto-coverage-options","","index, follow","","","","",""
"https://cheapestcarinsurancetulsa.com/blog/affordable-auto-insurance-secure-low-rates-in-tulsa-oklahoma","1","Indexable","","https://cheapestcarinsurancetulsa.com/blog/affordable-auto-insurance-secure-low-rates-in-tulsa-oklahoma","","index, follow","","","","",""
"https://cheapestcarinsurancetulsa.com/blog/why-ai-is-making-legacy-insurance-raters-obsolete","1","Indexable","","https://cheapestcarinsurancetulsa.com/blog/why-ai-is-making-legacy-insurance-raters-obsolete","","index, follow","","","","",""
"https://cheapestcarinsurancetulsa.com/blog/ai-in-insurance-how-its-revolutionizing-agencies-and-operations","1","Indexable","","https://cheapestcarinsurancetulsa.com/blog/ai-in-insurance-how-its-revolutionizing-agencies-and-operations","","index, follow","","","","",""
"https://cheapestcarinsurancetulsa.com/blog/factors-that-affect-your-car-insurance-premium","1","Indexable","","https://cheapestcarinsurancetulsa.com/blog/factors-that-affect-your-car-insurance-premium","","index, follow","","","","",""
"https://cheapestcarinsurancetulsa.com/blog/quotely-founder-dustin-wyzard-tulsa","1","Indexable","","https://cheapestcarinsurancetulsa.com/blog/quotely-founder-dustin-wyzard-tulsa","","index, follow","","","","",""
"https://cheapestcarinsurancetulsa.com/blog/affordable-car-insurance-oklahoma","1","Indexable","","https://cheapestcarinsurancetulsa.com/blog/affordable-car-insurance-oklahoma","","index, follow","","","","",""
"https://cheapestcarinsurancetulsa.com/blog/tips-on-how-to-save-on-car-insurance-in-tulsa-easily","1","Indexable","","https://cheapestcarinsurancetulsa.com/blog/tips-on-how-to-save-on-car-insurance-in-tulsa-easily","","index, follow","","","","",""
"https://cheapestcarinsurancetulsa.com/blog/understanding-how-to-file-an-auto-insurance-claim","1","Indexable","","https://cheapestcarinsurancetulsa.com/blog/understanding-how-to-file-an-auto-insurance-claim","","index, follow","","","","",""
"https://cheapestcarinsurancetulsa.com/blog/auto-insurance-strategies-for-extreme-weather-preparedness","1","Indexable","","https://cheapestcarinsurancetulsa.com/blog/auto-insurance-strategies-for-extreme-weather-preparedness","","index, follow","","","","",""
"https://cheapestcarinsurancetulsa.com/blog/how-ai-automation-transforms-cost-efficiency-in-insurance-key-benefits-and-implementation-strategies","1","Indexable","","https://cheapestcarinsurancetulsa.com/blog/how-ai-automation-transforms-cost-efficiency-in-insurance-key-benefits-and-implementation-strategies","","index, follow","","","","",""
"https://cheapestcarinsurancetulsa.com/blog/how-to-drive-down-car-insurance-premiums-in-oklahoma-affordable-car-insurance-tips-this-2024","1","Indexable","","https://cheapestcarinsurancetulsa.com/blog/how-to-drive-down-car-insurance-premiums-in-oklahoma-affordable-car-insurance-tips-this-2024","","index, follow","","","","",""
"https://cheapestcarinsurancetulsa.com/blog/cheapest-renters-insurance","1","Indexable","","https://cheapestcarinsurancetulsa.com/blog/cheapest-renters-insurance","","index, follow","","","","",""
"https://cheapestcarinsurancetulsa.com/blog/top-ways-tulsa-drivers-can-save-on-their-car-insurance","1","Indexable","","https://cheapestcarinsurancetulsa.com/blog/top-ways-tulsa-drivers-can-save-on-their-car-insurance","","index, follow","","","","",""
"https://cheapestcarinsurancetulsa.com/blog/is-online-car-insurance-safe-what-you-should-know-before-buying-in-tulsa-oklahoma","1","Indexable","","https://cheapestcarinsurancetulsa.com/blog/is-online-car-insurance-safe-what-you-should-know-before-buying-in-tulsa-oklahoma","","index, follow","","","","",""
"https://cheapestcarinsurancetulsa.com/blog/ai-solutions-transforming-insurance-industry-challenges-how-artificial-intelligence-enhances-claims-underwriting-risk-management-and-customer-experience","1","Indexable","","https://cheapestcarinsurancetulsa.com/blog/ai-solutions-transforming-insurance-industry-challenges-how-artificial-intelligence-enhances-claims-underwriting-risk-management-and-customer-experience","","index, follow","","","","",""
"https://cheapestcarinsurancetulsa.com/blog/modernize-insurance-agencies-with-quotelys-insurtech-operating-system","1","Indexable","","https://cheapestcarinsurancetulsa.com/blog/modernize-insurance-agencies-with-quotelys-insurtech-operating-system","","index, follow","","","","",""
"https://cheapestcarinsurancetulsa.com/blog/why-oklahoma-city-drivers-need-comprehensive-car-insurance-coverage","1","Indexable","","https://cheapestcarinsurancetulsa.com/blog/why-oklahoma-city-drivers-need-comprehensive-car-insurance-coverage","","index, follow","","","","",""
"https://cheapestcarinsurancetulsa.com/blog/tulsa-child-safety-insurance-tips","1","Indexable","","https://cheapestcarinsurancetulsa.com/blog/tulsa-child-safety-insurance-tips","","index, follow","","","","",""
"https://cheapestcarinsurancetulsa.com/blog/travel-like-a-pro","1","Indexable","","https://cheapestcarinsurancetulsa.com/blog/travel-like-a-pro","","index, follow","","","","",""
"https://cheapestcarinsurancetulsa.com/blog/navigating-car-accidents-insured-vs-uninsured-car-owners-in-the-us","1","Indexable","","https://cheapestcarinsurancetulsa.com/blog/navigating-car-accidents-insured-vs-uninsured-car-owners-in-the-us","","index, follow","","","","",""
"https://cheapestcarinsurancetulsa.com/blog/motorworld-sydney-auto-show","1","Indexable","","https://cheapestcarinsurancetulsa.com/blog/motorworld-sydney-auto-show","","index, follow","","","","",""
"https://cheapestcarinsurancetulsa.com/blog/understanding-car-insurance","1","Indexable","","https://cheapestcarinsurancetulsa.com/blog/understanding-car-insurance","","index, follow","","","","",""
"https://cheapestcarinsurancetulsa.com/contact","1","Indexable","","https://cheapestcarinsurancetulsa.com/contact","","index, follow","","","","",""
"https://cheapestcarinsurancetulsa.com/contact-us","1","Indexable","","https://cheapestcarinsurancetulsa.com/contact-us","","index, follow","","","","",""
"https://www.cheapestcarinsurancetulsa.com/","1","Non-Indexable","Canonicalised","https://cheapestcarinsurancetulsa.com/","","index, follow","","","","",""
"https://www.cheapestcarinsurancetulsa.com/blog/maximize-cost-savings-with-ai-automation-in-insurance-how-to-reduce-costs-and-boost-efficiency","1","Non-Indexable","Canonicalised","https://cheapestcarinsurancetulsa.com/blog/maximize-cost-savings-with-ai-automation-in-insurance-how-to-reduce-costs-and-boost-efficiency","","index, follow","","","","",""
"https://www.cheapestcarinsurancetulsa.com/quote","1","Non-Indexable","Canonicalised","https://cheapestcarinsurancetulsa.com/quote","","index, follow","","","","",""
"https://www.cheapestcarinsurancetulsa.com/blog","1","Non-Indexable","Canonicalised","https://cheapestcarinsurancetulsa.com/blog","","index, follow","","","","",""
"https://www.cheapestcarinsurancetulsa.com/editorial-standards","1","Non-Indexable","Canonicalised","https://cheapestcarinsurancetulsa.com/editorial-standards","","index, follow","","","","",""
"https://www.cheapestcarinsurancetulsa.com/terms","1","Non-Indexable","Canonicalised","https://cheapestcarinsurancetulsa.com/terms","","index, follow","","","","",""
"https://www.cheapestcarinsurancetulsa.com/accessibility","1","Non-Indexable","Canonicalised","https://cheapestcarinsurancetulsa.com/accessibility","","index, follow","","","","",""
"https://www.cheapestcarinsurancetulsa.com/blog/ezlynx-ams-crm-rater-a-practical-breakdown-for-independent-insurance-agencies","1","Non-Indexable","Canonicalised","https://cheapestcarinsurancetulsa.com/blog/ezlynx-ams-crm-rater-a-practical-breakdown-for-independent-insurance-agencies","","index, follow","","","","",""
"https://www.cheapestcarinsurancetulsa.com/sms-terms","1","Non-Indexable","Canonicalised","https://cheapestcarinsurancetulsa.com/sms-terms","","index, follow","","","","",""
"https://www.cheapestcarinsurancetulsa.com/oklahoma-car-insurance-guide","1","Non-Indexable","Canonicalised","https://cheapestcarinsurancetulsa.com/oklahoma-car-insurance-guide","","index, follow","","","","",""
"https://www.cheapestcarinsurancetulsa.com/about","1","Non-Indexable","Canonicalised","https://cheapestcarinsurancetulsa.com/about","","index, follow","","","","",""
"https://www.cheapestcarinsurancetulsa.com/industry-news","1","Non-Indexable","Canonicalised","https://cheapestcarinsurancetulsa.com/industry-news","","index, follow","","","","",""
"https://www.cheapestcarinsurancetulsa.com/blog/auto-and-home-insurance-rater-software-compare-quotes-save-time-and-boost-agency-efficiency","1","Non-Indexable","Canonicalised","https://cheapestcarinsurancetulsa.com/blog/auto-and-home-insurance-rater-software-compare-quotes-save-time-and-boost-agency-efficiency","","index, follow","","","","",""
"https://www.cheapestcarinsurancetulsa.com/faq","1","Non-Indexable","Canonicalised","https://cheapestcarinsurancetulsa.com/faq","","index, follow","","","","",""
"https://www.cheapestcarinsurancetulsa.com/privacy","1","Non-Indexable","Canonicalised","https://cheapestcarinsurancetulsa.com/privacy","","index, follow","","","","",""
"https://www.cheapestcarinsurancetulsa.com/blog/navigating-the-claims-process-for-totaled-vehicles","1","Non-Indexable","Canonicalised","https://cheapestcarinsurancetulsa.com/blog/navigating-the-claims-process-for-totaled-vehicles","","index, follow","","","","",""
"https://www.cheapestcarinsurancetulsa.com/blog/find-the-best-car-insurance-in-tulsa-oklahoma-a-comprehensive-guide","1","Non-Indexable","Canonicalised","https://cheapestcarinsurancetulsa.com/blog/find-the-best-car-insurance-in-tulsa-oklahoma-a-comprehensive-guide","","index, follow","","","","",""
"https://www.cheapestcarinsurancetulsa.com/blog/ezlynx-ams-crm-rater","1","Non-Indexable","Canonicalised","https://cheapestcarinsurancetulsa.com/blog/ezlynx-ams-crm-rater","","index, follow","","","","",""
"https://www.cheapestcarinsurancetulsa.com/blog/types-of-car-insurance-coverage-explained","1","Non-Indexable","Canonicalised","https://cheapestcarinsurancetulsa.com/blog/types-of-car-insurance-coverage-explained","","index, follow","","","","",""
"https://www.cheapestcarinsurancetulsa.com/blog/the-ultimate-guide-to-self-care-daily-habits-to-boost-your-mood","1","Non-Indexable","Canonicalised","https://cheapestcarinsurancetulsa.com/blog/the-ultimate-guide-to-self-care-daily-habits-to-boost-your-mood","","index, follow","","","","",""
"https://cheapestcarinsurancetulsa.com/?swcfpc=1","1","Non-Indexable","Canonicalised","https://cheapestcarinsurancetulsa.com/","","index, follow","","","","",""
"https://www.cheapestcarinsurancetulsa.com/blog/auto-insurance-strategies-for-extreme-weather-preparedness","1","Non-Indexable","Canonicalised","https://cheapestcarinsurancetulsa.com/blog/auto-insurance-strategies-for-extreme-weather-preparedness","","index, follow","","","","",""
"https://www.cheapestcarinsurancetulsa.com/blog/blog-post-title","1","Non-Indexable","Canonicalised","https://cheapestcarinsurancetulsa.com/blog/blog-post-title","","index, follow","","","","",""
"https://www.cheapestcarinsurancetulsa.com/blog/cheaper-auto-insurance-oklahoma","1","Non-Indexable","Canonicalised","https://cheapestcarinsurancetulsa.com/blog/cheaper-auto-insurance-oklahoma","","index, follow","","","","",""
"https://www.cheapestcarinsurancetulsa.com/blog/10-common-mistakes-tulsa-drivers-make-when-buying-auto-insurance","1","Non-Indexable","Canonicalised","https://cheapestcarinsurancetulsa.com/blog/10-common-mistakes-tulsa-drivers-make-when-buying-auto-insurance","","index, follow","","","","",""
"https://www.cheapestcarinsurancetulsa.com/blog/navigating-oklahoma-roads-a-comprehensive-guide-to-driving-and-car-insurance-in-ok","1","Non-Indexable","Canonicalised","https://cheapestcarinsurancetulsa.com/blog/navigating-oklahoma-roads-a-comprehensive-guide-to-driving-and-car-insurance-in-ok","","index, follow","","","","",""
"https://www.cheapestcarinsurancetulsa.com/blog/tulsa-best-car-insurance","1","Non-Indexable","Canonicalised","https://cheapestcarinsurancetulsa.com/blog/tulsa-best-car-insurance","","index, follow","","","","",""
"https://www.cheapestcarinsurancetulsa.com/blog/ai-automation-advantages-transforming-insurance-operations","1","Non-Indexable","Canonicalised","https://cheapestcarinsurancetulsa.com/blog/ai-automation-advantages-transforming-insurance-operations","","index, follow","","","","",""
"https://www.cheapestcarinsurancetulsa.com/blog/why-ai-is-making-legacy-insurance-raters-obsolete","1","Non-Indexable","Canonicalised","https://cheapestcarinsurancetulsa.com/blog/why-ai-is-making-legacy-insurance-raters-obsolete","","index, follow","","","","",""
"https://www.cheapestcarinsurancetulsa.com/blog/understanding-premium-vs-standard-car-insurance-in-oklahoma","1","Non-Indexable","Canonicalised","https://cheapestcarinsurancetulsa.com/blog/understanding-premium-vs-standard-car-insurance-in-oklahoma","","index, follow","","","","",""
"https://www.cheapestcarinsurancetulsa.com/blog/comprehensive-guide-to-comparative-rating-software-for-independent-insurance-agents","1","Non-Indexable","Canonicalised","https://cheapestcarinsurancetulsa.com/blog/comprehensive-guide-to-comparative-rating-software-for-independent-insurance-agents","","index, follow","","","","",""
"https://www.cheapestcarinsurancetulsa.com/car-insurance-glenpool","1","Non-Indexable","Canonicalised","https://cheapestcarinsurancetulsa.com/car-insurance-glenpool","","index, follow","","","","",""
"https://www.cheapestcarinsurancetulsa.com/progressive-car-insurance","1","Non-Indexable","Canonicalised","https://cheapestcarinsurancetulsa.com/progressive-car-insurance","","index, follow","","","","",""
"https://www.cheapestcarinsurancetulsa.com/car-insurance-sand-springs","1","Non-Indexable","Canonicalised","https://cheapestcarinsurancetulsa.com/car-insurance-sand-springs","","index, follow","","","","",""
"https://www.cheapestcarinsurancetulsa.com/car-insurance-collinsville","1","Non-Indexable","Canonicalised","https://cheapestcarinsurancetulsa.com/car-insurance-collinsville","","index, follow","","","","",""
"https://www.cheapestcarinsurancetulsa.com/car-insurance-jenks","1","Non-Indexable","Canonicalised","https://cheapestcarinsurancetulsa.com/car-insurance-jenks","","index, follow","","","","",""
"https://www.cheapestcarinsurancetulsa.com/car-insurance-sapulpa","1","Non-Indexable","Canonicalised","https://cheapestcarinsurancetulsa.com/car-insurance-sapulpa","","index, follow","","","","",""
"https://www.cheapestcarinsurancetulsa.com/car-insurance-bixby","1","Non-Indexable","Canonicalised","https://cheapestcarinsurancetulsa.com/car-insurance-bixby","","index, follow","","","","",""
"https://www.cheapestcarinsurancetulsa.com/car-insurance-broken-arrow","1","Non-Indexable","Canonicalised","https://cheapestcarinsurancetulsa.com/car-insurance-broken-arrow","","index, follow","","","","",""
"https://www.cheapestcarinsurancetulsa.com/car-insurance-owasso","1","Non-Indexable","Canonicalised","https://cheapestcarinsurancetulsa.com/car-insurance-owasso","","index, follow","","","","",""
"https://www.cheapestcarinsurancetulsa.com/blog/insurance-agent-platform-how-to-boost-agency-productivity-and-operational-intelligence","1","Non-Indexable","Canonicalised","https://cheapestcarinsurancetulsa.com/blog/insurance-agent-platform-how-to-boost-agency-productivity-and-operational-intelligence","","index, follow","","","","",""
"https://www.cheapestcarinsurancetulsa.com/blog/affordable-car-insurance-oklahoma","1","Non-Indexable","Canonicalised","https://cheapestcarinsurancetulsa.com/blog/affordable-car-insurance-oklahoma","","index, follow","","","","",""
"https://www.cheapestcarinsurancetulsa.com/blog/save-money-on-car-insurance","1","Non-Indexable","Canonicalised","https://cheapestcarinsurancetulsa.com/blog/save-money-on-car-insurance","","index, follow","","","","",""
"https://www.cheapestcarinsurancetulsa.com/blog/https-cheapestcarinsurancetulsa-com-top-10-reliable-cars-for-every-budget-in-tulsa","1","Non-Indexable","Canonicalised","https://cheapestcarinsurancetulsa.com/blog/https-cheapestcarinsurancetulsa-com-top-10-reliable-cars-for-every-budget-in-tulsa","","index, follow","","","","",""
"https://www.cheapestcarinsurancetulsa.com/blog/gail-insurtech-platform-how-ai-empowers-independent-insurance-agents-to-boost-sales-and-efficiency","1","Non-Indexable","Canonicalised","https://cheapestcarinsurancetulsa.com/blog/gail-insurtech-platform-how-ai-empowers-independent-insurance-agents-to-boost-sales-and-efficiency","","index, follow","","","","",""
"https://www.cheapestcarinsurancetulsa.com/blog/save-money-insurance","1","Non-Indexable","Canonicalised","https://cheapestcarinsurancetulsa.com/blog/save-money-insurance","","index, follow","","","","",""
"https://www.cheapestcarinsurancetulsa.com/blog/insights","1","Non-Indexable","Canonicalised","https://cheapestcarinsurancetulsa.com/blog/insights","","index, follow","","","","",""
"https://www.cheapestcarinsurancetulsa.com/blog/ok","1","Non-Indexable","Canonicalised","https://cheapestcarinsurancetulsa.com/blog/ok","","index, follow","","","","",""
"https://www.cheapestcarinsurancetulsa.com/blog/how-to-calculate-your-car-insurance-premiums-a-comprehensive-guide","1","Non-Indexable","Canonicalised","https://cheapestcarinsurancetulsa.com/blog/how-to-calculate-your-car-insurance-premiums-a-comprehensive-guide","","index, follow","","","","",""
"https://www.cheapestcarinsurancetulsa.com/blog/why-ai-driven-insurance-software-outperforms-traditional-methods","1","Non-Indexable","Canonicalised","https://cheapestcarinsurancetulsa.com/blog/why-ai-driven-insurance-software-outperforms-traditional-methods","","index, follow","","","","",""
"https://www.cheapestcarinsurancetulsa.com/blog/ai-automation-benefits-for-efficiency-in-insurance-how-ai-enhances-operations-accuracy-and-customer-experience","1","Non-Indexable","Canonicalised","https://cheapestcarinsurancetulsa.com/blog/ai-automation-benefits-for-efficiency-in-insurance-how-ai-enhances-operations-accuracy-and-customer-experience","","index, follow","","","","",""
"https://www.cheapestcarinsurancetulsa.com/blog/child-safety-driving-with-babies","1","Non-Indexable","Canonicalised","https://cheapestcarinsurancetulsa.com/blog/child-safety-driving-with-babies","","index, follow","","","","",""
"https://www.cheapestcarinsurancetulsa.com/blog/tulsa-child-safety-insurance-tips","1","Non-Indexable","Canonicalised","https://cheapestcarinsurancetulsa.com/blog/tulsa-child-safety-insurance-tips","","index, follow","","","","",""
"https://www.cheapestcarinsurancetulsa.com/blog/car-insurance-in-oklahoma","1","Non-Indexable","Canonicalised","https://cheapestcarinsurancetulsa.com/blog/car-insurance-in-oklahoma","","index, follow","","","","",""
"https://www.cheapestcarinsurancetulsa.com/blog/full-coverage-car-insurance-2024","1","Non-Indexable","Canonicalised","https://cheapestcarinsurancetulsa.com/blog/full-coverage-car-insurance-2024","","index, follow","","","","",""
"https://www.cheapestcarinsurancetulsa.com/blog/deepseek-r1-model","1","Non-Indexable","Canonicalised","https://cheapestcarinsurancetulsa.com/blog/deepseek-r1-model","","index, follow","","","","",""
"https://www.cheapestcarinsurancetulsa.com/blog/updating-your-car-insurance-policy-following-significant-life-events-2","1","Non-Indexable","Canonicalised","https://cheapestcarinsurancetulsa.com/blog/updating-your-car-insurance-policy-following-significant-life-events-2","","index, follow","","","","",""
"https://www.cheapestcarinsurancetulsa.com/blog/why-tulsa-drivers-should-consider-uninsured-motorist-coverage","1","Non-Indexable","Canonicalised","https://cheapestcarinsurancetulsa.com/blog/why-tulsa-drivers-should-consider-uninsured-motorist-coverage","","index, follow","","","","",""
"https://www.cheapestcarinsurancetulsa.com/blog/3-7equity-auto-insurance","1","Non-Indexable","Canonicalised","https://cheapestcarinsurancetulsa.com/blog/3-7equity-auto-insurance","","index, follow","","","","",""
"https://www.cheapestcarinsurancetulsa.com/blog/modernize-insurance-agencies-with-quotelys-insurtech-operating-system-2","1","Non-Indexable","Canonicalised","https://cheapestcarinsurancetulsa.com/blog/modernize-insurance-agencies-with-quotelys-insurtech-operating-system-2","","index, follow","","","","",""
"https://www.cheapestcarinsurancetulsa.com/blog/navigating-car-accidents-insured-vs-uninsured-car-owners-in-the-us","1","Non-Indexable","Canonicalised","https://cheapestcarinsurancetulsa.com/blog/navigating-car-accidents-insured-vs-uninsured-car-owners-in-the-us","","index, follow","","","","",""
"https://www.cheapestcarinsurancetulsa.com/blog/modernize-insurance-agencies-with-quotelys-insurtech-operating-system","1","Non-Indexable","Canonicalised","https://cheapestcarinsurancetulsa.com/blog/modernize-insurance-agencies-with-quotelys-insurtech-operating-system","","index, follow","","","","",""
"https://www.cheapestcarinsurancetulsa.com/blog/is-your-car-properly-insured","1","Non-Indexable","Canonicalised","https://cheapestcarinsurancetulsa.com/blog/is-your-car-properly-insured","","index, follow","","","","",""
"https://www.cheapestcarinsurancetulsa.com/blog/is-online-car-insurance-safe-what-you-should-know-before-buying-in-tulsa-oklahoma","1","Non-Indexable","Canonicalised","https://cheapestcarinsurancetulsa.com/blog/is-online-car-insurance-safe-what-you-should-know-before-buying-in-tulsa-oklahoma","","index, follow","","","","",""
"https://www.cheapestcarinsurancetulsa.com/blog/cheapest-renters-insurance","1","Non-Indexable","Canonicalised","https://cheapestcarinsurancetulsa.com/blog/cheapest-renters-insurance","","index, follow","","","","",""
"https://www.cheapestcarinsurancetulsa.com/blog/how-ai-automation-transforms-cost-efficiency-in-insurance-key-benefits-and-implementation-strategies","1","Non-Indexable","Canonicalised","https://cheapestcarinsurancetulsa.com/blog/how-ai-automation-transforms-cost-efficiency-in-insurance-key-benefits-and-implementation-strategies","","index, follow","","","","",""
"https://www.cheapestcarinsurancetulsa.com/blog/understanding-how-to-file-an-auto-insurance-claim","1","Non-Indexable","Canonicalised","https://cheapestcarinsurancetulsa.com/blog/understanding-how-to-file-an-auto-insurance-claim","","index, follow","","","","",""
"https://www.cheapestcarinsurancetulsa.com/blog/ai-automation-benefits-in-insurance-software-how-ai-enhances-efficiency-accuracy-and-customer-experience","1","Non-Indexable","Canonicalised","https://cheapestcarinsurancetulsa.com/blog/ai-automation-benefits-in-insurance-software-how-ai-enhances-efficiency-accuracy-and-customer-experience","","index, follow","","","","",""
"https://www.cheapestcarinsurancetulsa.com/blog/tulsa-teen-drivers-tips-for-affordable-car-insurance","1","Non-Indexable","Canonicalised","https://cheapestcarinsurancetulsa.com/blog/tulsa-teen-drivers-tips-for-affordable-car-insurance","","index, follow","","","","",""
"https://www.cheapestcarinsurancetulsa.com/blog/why-oklahoma-city-drivers-need-comprehensive-car-insurance-coverage","1","Non-Indexable","Canonicalised","https://cheapestcarinsurancetulsa.com/blog/why-oklahoma-city-drivers-need-comprehensive-car-insurance-coverage","","index, follow","","","","",""
"https://www.cheapestcarinsurancetulsa.com/blog/buying-auto-insurance-guide","1","Non-Indexable","Canonicalised","https://cheapestcarinsurancetulsa.com/blog/buying-auto-insurance-guide","","index, follow","","","","",""
"https://www.cheapestcarinsurancetulsa.com/blog/top-ways-tulsa-drivers-can-save-on-their-car-insurance","1","Non-Indexable","Canonicalised","https://cheapestcarinsurancetulsa.com/blog/top-ways-tulsa-drivers-can-save-on-their-car-insurance","","index, follow","","","","",""
"https://www.cheapestcarinsurancetulsa.com/blog/teen-insure-tips","1","Non-Indexable","Canonicalised","https://cheapestcarinsurancetulsa.com/blog/teen-insure-tips","","index, follow","","","","",""
"https://www.cheapestcarinsurancetulsa.com/blog/factors-that-affect-your-car-insurance-premium","1","Non-Indexable","Canonicalised","https://cheapestcarinsurancetulsa.com/blog/factors-that-affect-your-car-insurance-premium","","index, follow","","","","",""
"https://www.cheapestcarinsurancetulsa.com/blog/comprehensive-guide-to-car-insurance-in-tulsa-oklahoma","1","Non-Indexable","Canonicalised","https://cheapestcarinsurancetulsa.com/blog/comprehensive-guide-to-car-insurance-in-tulsa-oklahoma","","index, follow","","","","",""
"https://www.cheapestcarinsurancetulsa.com/blog/comparing-full-coverage-vs-liability-insurance-for-oklahoma-drivers","1","Non-Indexable","Canonicalised","https://cheapestcarinsurancetulsa.com/blog/comparing-full-coverage-vs-liability-insurance-for-oklahoma-drivers","","index, follow","","","","",""
"https://www.cheapestcarinsurancetulsa.com/blog/motorworld-sydney-auto-show","1","Non-Indexable","Canonicalised","https://cheapestcarinsurancetulsa.com/blog/motorworld-sydney-auto-show","","index, follow","","","","",""
"https://www.cheapestcarinsurancetulsa.com/blog/travel-like-a-pro","1","Non-Indexable","Canonicalised","https://cheapestcarinsurancetulsa.com/blog/travel-like-a-pro","","index, follow","","","","",""
"https://www.cheapestcarinsurancetulsa.com/blog/updating-your-car-insurance-policy-following-significant-life-events","1","Non-Indexable","Canonicalised","https://cheapestcarinsurancetulsa.com/blog/updating-your-car-insurance-policy-following-significant-life-events","","index, follow","","","","",""
"https://www.cheapestcarinsurancetulsa.com/blog/how-to-drive-down-car-insurance-premiums-in-oklahoma-affordable-car-insurance-tips-this-2024","1","Non-Indexable","Canonicalised","https://cheapestcarinsurancetulsa.com/blog/how-to-drive-down-car-insurance-premiums-in-oklahoma-affordable-car-insurance-tips-this-2024","","index, follow","","","","",""
"https://www.cheapestcarinsurancetulsa.com/blog/evaluating-full-coverage-car-insurance-benefits-and-considerations","1","Non-Indexable","Canonicalised","https://cheapestcarinsurancetulsa.com/blog/evaluating-full-coverage-car-insurance-benefits-and-considerations","","index, follow","","","","",""
"https://www.cheapestcarinsurancetulsa.com/blog/ai-solutions-transforming-insurance-industry-challenges-how-artificial-intelligence-enhances-claims-underwriting-risk-management-and-customer-experience","1","Non-Indexable","Canonicalised","https://cheapestcarinsurancetulsa.com/blog/ai-solutions-transforming-insurance-industry-challenges-how-artificial-intelligence-enhances-claims-underwriting-risk-management-and-customer-experience","","index, follow","","","","",""
"https://www.cheapestcarinsurancetulsa.com/blog/tips-on-how-to-save-on-car-insurance-in-tulsa-easily","1","Non-Indexable","Canonicalised","https://cheapestcarinsurancetulsa.com/blog/tips-on-how-to-save-on-car-insurance-in-tulsa-easily","","index, follow","","","","",""
"https://www.cheapestcarinsurancetulsa.com/blog/what-are-the-key-benefits-of-ai-automation-in-insurance","1","Non-Indexable","Canonicalised","https://cheapestcarinsurancetulsa.com/blog/what-are-the-key-benefits-of-ai-automation-in-insurance","","index, follow","","","","",""
"https://www.cheapestcarinsurancetulsa.com/blog/how-cars-and-trucks-alter-insurance-premiums-in-tulsa","1","Non-Indexable","Canonicalised","https://cheapestcarinsurancetulsa.com/blog/how-cars-and-trucks-alter-insurance-premiums-in-tulsa","","index, follow","","","","",""
"https://www.cheapestcarinsurancetulsa.com/blog/your-ultimate-guide-to-insurance-agency-management-systems-features-benefits-and-solutions-for-agents","1","Non-Indexable","Canonicalised","https://cheapestcarinsurancetulsa.com/blog/your-ultimate-guide-to-insurance-agency-management-systems-features-benefits-and-solutions-for-agents","","index, follow","","","","",""
"https://www.cheapestcarinsurancetulsa.com/blog/understanding-the-basics-of-car-insurance","1","Non-Indexable","Canonicalised","https://cheapestcarinsurancetulsa.com/blog/understanding-the-basics-of-car-insurance","","index, follow","","","","",""
"https://www.cheapestcarinsurancetulsa.com/blog/understanding-car-insurance","1","Non-Indexable","Canonicalised","https://cheapestcarinsurancetulsa.com/blog/understanding-car-insurance","","index, follow","","","","",""
"https://www.cheapestcarinsurancetulsa.com/blog/why-every-oklahoman-needs-quality-car-insurance-2","1","Non-Indexable","Canonicalised","https://cheapestcarinsurancetulsa.com/blog/why-every-oklahoman-needs-quality-car-insurance-2","","index, follow","","","","",""
"https://www.cheapestcarinsurancetulsa.com/blog/affordable-auto-insurance-secure-low-rates-in-tulsa-oklahoma","1","Non-Indexable","Canonicalised","https://cheapestcarinsurancetulsa.com/blog/affordable-auto-insurance-secure-low-rates-in-tulsa-oklahoma","","index, follow","","","","",""
"https://www.cheapestcarinsurancetulsa.com/blog/how-to-plan-a-last-minute-weekend-getaway","1","Non-Indexable","Canonicalised","https://cheapestcarinsurancetulsa.com/blog/how-to-plan-a-last-minute-weekend-getaway","","index, follow","","","","",""
"https://www.cheapestcarinsurancetulsa.com/blog/oklahoma-auto-insurance-guide","1","Non-Indexable","Canonicalised","https://cheapestcarinsurancetulsa.com/blog/oklahoma-auto-insurance-guide","","index, follow","","","","",""
"https://www.cheapestcarinsurancetulsa.com/blog/the-quotely-ai-revolution-1-37-hour-vs-15-hour-staff","1","Non-Indexable","Canonicalised","https://cheapestcarinsurancetulsa.com/blog/the-quotely-ai-revolution-1-37-hour-vs-15-hour-staff","","index, follow","","","","",""
"https://www.cheapestcarinsurancetulsa.com/blog/quotely-founder-dustin-wyzard-tulsa","1","Non-Indexable","Canonicalised","https://cheapestcarinsurancetulsa.com/blog/quotely-founder-dustin-wyzard-tulsa","","index, follow","","","","",""
"https://www.cheapestcarinsurancetulsa.com/blog/ai-in-insurance-how-its-revolutionizing-agencies-and-operations","1","Non-Indexable","Canonicalised","https://cheapestcarinsurancetulsa.com/blog/ai-in-insurance-how-its-revolutionizing-agencies-and-operations","","index, follow","","","","",""
"https://www.cheapestcarinsurancetulsa.com/blog/finding-the-ideal-age-for-maximum-car-insurance-savings-in-oklahoma-city","1","Non-Indexable","Canonicalised","https://cheapestcarinsurancetulsa.com/blog/finding-the-ideal-age-for-maximum-car-insurance-savings-in-oklahoma-city","","index, follow","","","","",""
"https://www.cheapestcarinsurancetulsa.com/blog/how-ai-solutions-transform-efficiency-in-insurance-software-for-independent-agents-and-agencies","1","Non-Indexable","Canonicalised","https://cheapestcarinsurancetulsa.com/blog/how-ai-solutions-transform-efficiency-in-insurance-software-for-independent-agents-and-agencies","","index, follow","","","","",""
"https://www.cheapestcarinsurancetulsa.com/blog/why-comprehensive-coverage-is-a-must-for-tulsas-storm-season","1","Non-Indexable","Canonicalised","https://cheapestcarinsurancetulsa.com/blog/why-comprehensive-coverage-is-a-must-for-tulsas-storm-season","","index, follow","","","","",""
"https://www.cheapestcarinsurancetulsa.com/blog/why-every-oklahoman-needs-quality-car-insurance","1","Non-Indexable","Canonicalised","https://cheapestcarinsurancetulsa.com/blog/why-every-oklahoman-needs-quality-car-insurance","","index, follow","","","","",""
"https://www.cheapestcarinsurancetulsa.com/blog/financial-security-in-insurance","1","Non-Indexable","Canonicalised","https://cheapestcarinsurancetulsa.com/blog/financial-security-in-insurance","","index, follow","","","","",""
"https://www.cheapestcarinsurancetulsa.com/blog/understanding-car-insurance-a-guide-to-safe-auto-coverage-options","1","Non-Indexable","Canonicalised","https://cheapestcarinsurancetulsa.com/blog/understanding-car-insurance-a-guide-to-safe-auto-coverage-options","","index, follow","","","","",""
"https://www.cheapestcarinsurancetulsa.com/blog/the-impact-of-credit-scores-on-auto-insurance-premiums","1","Non-Indexable","Canonicalised","https://cheapestcarinsurancetulsa.com/blog/the-impact-of-credit-scores-on-auto-insurance-premiums","","index, follow","","","","",""
"https://www.cheapestcarinsurancetulsa.com/blog/save-big-by-bundling-home-and-auto-insurance-in-tulsa","1","Non-Indexable","Canonicalised","https://cheapestcarinsurancetulsa.com/blog/save-big-by-bundling-home-and-auto-insurance-in-tulsa","","index, follow","","","","",""
"https://www.cheapestcarinsurancetulsa.com/blog/what-to-do-after-a-car-accident","1","Non-Indexable","Canonicalised","https://cheapestcarinsurancetulsa.com/blog/what-to-do-after-a-car-accident","","index, follow","","","","",""
"https://www.cheapestcarinsurancetulsa.com/blog/new-driver-essential-car-insurance-tips-for-2024","1","Non-Indexable","Canonicalised","https://cheapestcarinsurancetulsa.com/blog/new-driver-essential-car-insurance-tips-for-2024","","index, follow","","","","",""
"https://www.cheapestcarinsurancetulsa.com/blog/comparing-auto-insurance-costs-tulsa-vs-major-cities","1","Non-Indexable","Canonicalised","https://cheapestcarinsurancetulsa.com/blog/comparing-auto-insurance-costs-tulsa-vs-major-cities","","index, follow","","","","",""
