"Address","Occurrences","H1-1","H1-1 Length","H1-2","H1-2 Length","Indexability","Indexability Status"
"https://cheapestcarinsurancetulsa.com/","2","Compare Car Insurance Rates in Tulsa","36","Insurance Quote Calculator","26","Indexable",""
"https://cheapestcarinsurancetulsa.com/industry-news","1","Auto Insurance Industry News","28","","0","Indexable",""
"https://cheapestcarinsurancetulsa.com/faq","1","Frequently Asked Questions","26","","0","Indexable",""
"https://cheapestcarinsurancetulsa.com/accessibility","1","Accessibility Statement","23","","0","Indexable",""
"https://cheapestcarinsurancetulsa.com/about","1","About Cheapest Car Insurance Tulsa","34","","0","Indexable",""
"https://cheapestcarinsurancetulsa.com/blog/maximize-cost-savings-with-ai-automation-in-insurance-how-to-reduce-costs-and-boost-efficiency","1","Maximize Cost Savings With AI Automation in Insurance: How to Reduce Costs and Boost Efficiency","95","","0","Indexable",""
"https://cheapestcarinsurancetulsa.com/quote","1","Get Your Free Quote","19","","0","Indexable",""
"https://cheapestcarinsurancetulsa.com/blog/ezlynx-ams-crm-rater-a-practical-breakdown-for-independent-insurance-agencies","1","EZLynx AMS CRM Rater: A Practical Breakdown for Independent Insurance Agencies","78","","0","Indexable",""
"https://cheapestcarinsurancetulsa.com/oklahoma-car-insurance-guide","1","Oklahoma Car Insurance Guide 2026","33","","0","Indexable",""
"https://cheapestcarinsurancetulsa.com/privacy","1","Privacy Policy","14","","0","Indexable",""
"https://cheapestcarinsurancetulsa.com/terms","1","Terms of Service","16","","0","Indexable",""
"https://cheapestcarinsurancetulsa.com/blog/auto-and-home-insurance-rater-software-compare-quotes-save-time-and-boost-agency-efficiency","1","Auto and Home Insurance Rater Software: Compare Quotes, Save Time, and Boost Agency Efficiency","94","","0","Indexable",""
"https://cheapestcarinsurancetulsa.com/sms-terms","1","SMS Terms & Conditions","22","","0","Indexable",""
"https://cheapestcarinsurancetulsa.com/editorial-standards","1","Editorial Standards","19","","0","Indexable",""
"https://cheapestcarinsurancetulsa.com/blog","1","Insurance Blog","14","","0","Indexable",""
"https://cheapestcarinsurancetulsa.com/blog/tulsa-best-car-insurance","1","00.05 Tulsa’s Best Car Insurance","32","","0","Indexable",""
"https://cheapestcarinsurancetulsa.com/blog/cheaper-auto-insurance-oklahoma","2","00.03 Guide to Cheaper Auto Insurance in Oklahoma","49","Oklahoma’s Guide to Budget Auto Insurance Solutions","51","Indexable",""
"https://cheapestcarinsurancetulsa.com/blog/ezlynx-ams-crm-rater","1","EZLynx AMS CRM Rater","20","","0","Indexable",""
"https://cheapestcarinsurancetulsa.com/blog/tulsa-teen-drivers-tips-for-affordable-car-insurance","1","Tulsa Teen Drivers: Tips for Affordable Car Insurance","53","","0","Indexable",""
"https://cheapestcarinsurancetulsa.com/blog/comprehensive-guide-to-car-insurance-in-tulsa-oklahoma","2","Comprehensive Guide to Car Insurance in Tulsa, Oklahoma","55","","0","Indexable",""
"https://cheapestcarinsurancetulsa.com/blog/full-coverage-car-insurance-2024","1","Is Full Coverage Car Insurance Worth It in 2024? Here’s What You Need to Know","77","","0","Indexable",""
"https://cheapestcarinsurancetulsa.com/blog/the-quotely-ai-revolution-1-37-hour-vs-15-hour-staff","1","The Quotely AI Revolution: $1.37/Hour vs $15+/Hour Staff","56","","0","Indexable",""
"https://cheapestcarinsurancetulsa.com/blog/comprehensive-guide-to-comparative-rating-software-for-independent-insurance-agents","1","Comprehensive Guide to Comparative Rating Software for Independent Insurance Agents","83","","0","Indexable",""
"https://cheapestcarinsurancetulsa.com/car-insurance-sand-springs","1","Cheap Car Insurance in Sand Springs, Oklahoma","45","","0","Indexable",""
"https://cheapestcarinsurancetulsa.com/car-insurance-bixby","1","Cheap Car Insurance in Bixby, Oklahoma","38","","0","Indexable",""
"https://cheapestcarinsurancetulsa.com/progressive-car-insurance","1","Progressive Car Insurance in Tulsa","34","","0","Indexable",""
"https://cheapestcarinsurancetulsa.com/car-insurance-collinsville","1","Cheap Car Insurance in Collinsville, Oklahoma","45","","0","Indexable",""
"https://cheapestcarinsurancetulsa.com/car-insurance-owasso","1","Cheap Car Insurance in Owasso, Oklahoma","39","","0","Indexable",""
"https://cheapestcarinsurancetulsa.com/car-insurance-glenpool","1","Cheap Car Insurance in Glenpool, Oklahoma","41","","0","Indexable",""
"https://cheapestcarinsurancetulsa.com/car-insurance-broken-arrow","1","Cheap Car Insurance in Broken Arrow, Oklahoma","45","","0","Indexable",""
"https://cheapestcarinsurancetulsa.com/car-insurance-jenks","1","Cheap Car Insurance in Jenks, Oklahoma","38","","0","Indexable",""
"https://cheapestcarinsurancetulsa.com/car-insurance-sapulpa","1","Cheap Car Insurance in Sapulpa, Oklahoma","40","","0","Indexable",""
"https://cheapestcarinsurancetulsa.com/blog/ai-automation-advantages-transforming-insurance-operations","1","AI Automation Advantages Transforming Insurance Operations","58","","0","Indexable",""
"https://cheapestcarinsurancetulsa.com/blog/why-ai-driven-insurance-software-outperforms-traditional-methods","1","Why AI-Driven Insurance Software Outperforms Traditional Methods","64","","0","Indexable",""
"https://cheapestcarinsurancetulsa.com/blog/insurance-agent-platform-how-to-boost-agency-productivity-and-operational-intelligence","1","Insurance Agent Platform: How to Boost Agency Productivity and Operational Intelligence","87","","0","Indexable",""
"https://cheapestcarinsurancetulsa.com/blog/gail-insurtech-platform-how-ai-empowers-independent-insurance-agents-to-boost-sales-and-efficiency","1","Gail Insurtech Platform: How AI Empowers Independent Insurance Agents to Boost Sales and Efficiency","99","","0","Indexable",""
"https://cheapestcarinsurancetulsa.com/blog/3-7equity-auto-insurance","5","3.7Equity Auto Insurance","24","Equity Auto Insurance","21","Indexable",""
"https://cheapestcarinsurancetulsa.com/blog/why-comprehensive-coverage-is-a-must-for-tulsas-storm-season","1","Why Comprehensive Coverage Is a Must for Tulsa’s Storm Season","61","","0","Indexable",""
"https://cheapestcarinsurancetulsa.com/blog/car-insurance-in-oklahoma","1","Car Insurance in Oklahoma | Budget-Friendly Solutions That Drive Smart","70","","0","Indexable",""
"https://cheapestcarinsurancetulsa.com/blog/the-impact-of-credit-scores-on-auto-insurance-premiums","2","The Impact of Credit Scores on Auto Insurance Premiums","54","","0","Indexable",""
"https://cheapestcarinsurancetulsa.com/blog/blog-post-title","1","Blog Post Title","15","","0","Indexable",""
"https://cheapestcarinsurancetulsa.com/blog/ai-automation-benefits-in-insurance-software-how-ai-enhances-efficiency-accuracy-and-customer-experience","2","AI Automation Benefits in Insurance Software: How AI Enhances Efficiency, Accuracy, and Customer Experience","107","AI Automation Benefits in Insurance Software","44","Indexable",""
"https://cheapestcarinsurancetulsa.com/blog/comparing-auto-insurance-costs-tulsa-vs-major-cities","1","Comparing Auto Insurance Costs: Tulsa vs. Major Cities","54","","0","Indexable",""
"https://cheapestcarinsurancetulsa.com/blog/ai-automation-benefits-for-efficiency-in-insurance-how-ai-enhances-operations-accuracy-and-customer-experience","1","AI Automation Benefits for Efficiency in Insurance: How AI Enhances Operations, Accuracy, and Customer Experience","113","","0","Indexable",""
"https://cheapestcarinsurancetulsa.com/blog/navigating-oklahoma-roads-a-comprehensive-guide-to-driving-and-car-insurance-in-ok","2","Navigating Oklahoma Roads: A Comprehensive Guide to Driving and Car Insurance in OK","83","","0","Indexable",""
"https://cheapestcarinsurancetulsa.com/blog/how-to-calculate-your-car-insurance-premiums-a-comprehensive-guide","2","How to Calculate Your Car Insurance Premiums: A Comprehensive Guide","67","","0","Indexable",""
"https://cheapestcarinsurancetulsa.com/blog/save-big-by-bundling-home-and-auto-insurance-in-tulsa","1","Save Big by Bundling Home and Auto Insurance in Tulsa","53","","0","Indexable",""
"https://cheapestcarinsurancetulsa.com/blog/save-money-insurance","11","3.6 Progressive Auto Insurance","30","Progressive Auto Insurance in Oklahoma: Affordable Coverage and Roadside Assistance","83","Indexable",""
"https://cheapestcarinsurancetulsa.com/blog/how-ai-solutions-transform-efficiency-in-insurance-software-for-independent-agents-and-agencies","2","How AI Solutions Transform Efficiency in Insurance Software for Independent Agents and Agencies","95","How AI Solutions Transform Efficiency in Insurance Software","59","Indexable",""
"https://cheapestcarinsurancetulsa.com/blog/how-cars-and-trucks-alter-insurance-premiums-in-tulsa","1","How Cars and Trucks Alter Insurance Premiums in Tulsa","53","","0","Indexable",""
"https://cheapestcarinsurancetulsa.com/blog/https-cheapestcarinsurancetulsa-com-top-10-reliable-cars-for-every-budget-in-tulsa","1","Top 10 Reliable Cars for Every Budget in Tulsa – Find Your Perfect Vehicle","74","","0","Indexable",""
"https://cheapestcarinsurancetulsa.com/blog/types-of-car-insurance-coverage-explained","1","Types of Car Insurance Coverage Explained","41","","0","Indexable",""
"https://cheapestcarinsurancetulsa.com/blog/insights","1","4.2Insights","11","","0","Indexable",""
"https://cheapestcarinsurancetulsa.com/blog/what-to-do-after-a-car-accident","1","Car Accident Checklist: How to Stay Safe and Protected","54","","0","Indexable",""
"https://cheapestcarinsurancetulsa.com/blog/the-ultimate-guide-to-self-care-daily-habits-to-boost-your-mood","1","The Ultimate Guide to Self-Care: Daily Habits to Boost Your Mood","64","","0","Indexable",""
"https://cheapestcarinsurancetulsa.com/blog/your-ultimate-guide-to-insurance-agency-management-systems-features-benefits-and-solutions-for-agents","1","Your Ultimate Guide to Insurance Agency Management Systems: Features, Benefits, and Solutions for Agents","104","","0","Indexable",""
"https://cheapestcarinsurancetulsa.com/blog/why-tulsa-drivers-should-consider-uninsured-motorist-coverage","1","Why Tulsa Drivers Should Consider Uninsured Motorist Coverage","61","","0","Indexable",""
"https://cheapestcarinsurancetulsa.com/blog/why-every-oklahoman-needs-quality-car-insurance-2","1","Why Every Oklahoman Needs Quality Car Insurance?","48","","0","Indexable",""
"https://cheapestcarinsurancetulsa.com/blog/find-the-best-car-insurance-in-tulsa-oklahoma-a-comprehensive-guide","2","Find the Best Car Insurance in Tulsa, Oklahoma: A Comprehensive Guide","69","","0","Indexable",""
"https://cheapestcarinsurancetulsa.com/blog/comparing-full-coverage-vs-liability-insurance-for-oklahoma-drivers","2","Comparing Full Coverage vs. Liability Insurance for Oklahoma Drivers","68","Understanding Full Coverage and Liability Insurance: What You Need to Know","74","Indexable",""
"https://cheapestcarinsurancetulsa.com/blog/updating-your-car-insurance-policy-following-significant-life-events","1","Updating Your Car Insurance Policy Following Significant Life Events","68","","0","Indexable",""
"https://cheapestcarinsurancetulsa.com/blog/modernize-insurance-agencies-with-quotelys-insurtech-operating-system-2","1","Modernize Insurance Agencies with Quotely’s Insurtech Operating System","70","","0","Indexable",""
"https://cheapestcarinsurancetulsa.com/blog/navigating-the-claims-process-for-totaled-vehicles","2","Navigating the Claims Process for Totaled Vehicles","50","","0","Indexable",""
"https://cheapestcarinsurancetulsa.com/blog/save-money-on-car-insurance","1","Save Money Fast: Affordable Car Insurance Strategies That Work","62","","0","Indexable",""
"https://cheapestcarinsurancetulsa.com/blog/teen-insure-tips","3","00.01 Essential Car Insurance Tips for New Teen Drivers","55","00.01 Essential Car Insurance Tips for New Teen Drivers","55","Indexable",""
"https://cheapestcarinsurancetulsa.com/blog/why-every-oklahoman-needs-quality-car-insurance","1","Why Every Oklahoman Needs Quality Car Insurance?","48","","0","Indexable",""
"https://cheapestcarinsurancetulsa.com/blog/ok","2","00.02 UVED Vehicle Enforcement","30","Oklahoma’s Uninsured Vehicle Enforcement Diversion Program","58","Indexable",""
"https://cheapestcarinsurancetulsa.com/blog/how-to-plan-a-last-minute-weekend-getaway","1","How to Plan a Last-Minute Weekend Getaway","41","","0","Indexable",""
"https://cheapestcarinsurancetulsa.com/blog/new-driver-essential-car-insurance-tips-for-2024","1","New Driver? Essential Car Insurance Tips for 2024","49","","0","Indexable",""
"https://cheapestcarinsurancetulsa.com/blog/understanding-premium-vs-standard-car-insurance-in-oklahoma","1","Understanding Premium vs Standard Car Insurance in Oklahoma","59","","0","Indexable",""
"https://cheapestcarinsurancetulsa.com/blog/evaluating-full-coverage-car-insurance-benefits-and-considerations","2","Evaluating Full Coverage Car Insurance: Benefits and Considerations","67","","0","Indexable",""
"https://cheapestcarinsurancetulsa.com/blog/deepseek-r1-model","2","DeepSeek.ai R1 Model: Open-Source AI Power Redefined","52","DeepSeek-R1: A Technical Analysis and Market Impact Assessment","62","Indexable",""
"https://cheapestcarinsurancetulsa.com/blog/what-are-the-key-benefits-of-ai-automation-in-insurance","2","What Are the Key Benefits of AI Automation in Insurance?","56","What Are the Key Benefits of AI Automation in Insurance?","56","Indexable",""
"https://cheapestcarinsurancetulsa.com/blog/oklahoma-auto-insurance-guide","1","Understanding Oklahoma Auto Insurance: Essential Guide","54","","0","Indexable",""
"https://cheapestcarinsurancetulsa.com/blog/financial-security-in-insurance","1","Financial Security in Insurance","31","","0","Indexable",""
"https://cheapestcarinsurancetulsa.com/blog/child-safety-driving-with-babies","1","Child Safety on the Road: Best Practices for Driving with Babies","64","","0","Indexable",""
"https://cheapestcarinsurancetulsa.com/blog/10-common-mistakes-tulsa-drivers-make-when-buying-auto-insurance","1","10 Common Mistakes Tulsa Drivers Make When Buying Auto Insurance","64","","0","Indexable",""
"https://cheapestcarinsurancetulsa.com/blog/understanding-the-basics-of-car-insurance","1","Understanding the Basics of Car Insurance","41","","0","Indexable",""
"https://cheapestcarinsurancetulsa.com/blog/buying-auto-insurance-guide","2","Buying Auto Insurance: The Beginner’s Guide","43","Introduction","12","Indexable",""
"https://cheapestcarinsurancetulsa.com/blog/is-your-car-properly-insured","2","Is Your Car Properly Insured? A Quick Checklist for Peace of Mind","65","Ensuring Your Car Is Fully Insured: Essential Checklist for Complete Coverage","77","Indexable",""
"https://cheapestcarinsurancetulsa.com/blog/finding-the-ideal-age-for-maximum-car-insurance-savings-in-oklahoma-city","2","Finding the Ideal Age for Maximum Car Insurance Savings in Oklahoma City","72","","0","Indexable",""
"https://cheapestcarinsurancetulsa.com/blog/updating-your-car-insurance-policy-following-significant-life-events-2","2","Updating Your Car Insurance Policy Following Significant Life Events","68","","0","Indexable",""
"https://cheapestcarinsurancetulsa.com/blog/understanding-car-insurance-a-guide-to-safe-auto-coverage-options","2","Understanding Car Insurance: A Guide to Safe Auto Coverage Options","66","","0","Indexable",""
"https://cheapestcarinsurancetulsa.com/blog/affordable-auto-insurance-secure-low-rates-in-tulsa-oklahoma","2","Affordable Auto Insurance: Secure Low Rates in Tulsa, Oklahoma","62","","0","Indexable",""
"https://cheapestcarinsurancetulsa.com/blog/why-ai-is-making-legacy-insurance-raters-obsolete","1","Why AI is Making Legacy Insurance Raters Obsolete","49","","0","Indexable",""
"https://cheapestcarinsurancetulsa.com/blog/ai-in-insurance-how-its-revolutionizing-agencies-and-operations","1","AI in Insurance: How It’s Revolutionizing Agencies and Operations","65","","0","Indexable",""
"https://cheapestcarinsurancetulsa.com/blog/factors-that-affect-your-car-insurance-premium","1","Factors That Affect Your Car Insurance Premium","46","","0","Indexable",""
"https://cheapestcarinsurancetulsa.com/blog/quotely-founder-dustin-wyzard-tulsa","2","TryQuotely.com","14","Dustin Wyzard and Quotely: Founder’s Vision Behind the AI-Powered Insurtech SaaS Platform","89","Indexable",""
"https://cheapestcarinsurancetulsa.com/blog/affordable-car-insurance-oklahoma","2","Affordable Car Insurance for Smart Drivers in Oklahoma","54","","0","Indexable",""
"https://cheapestcarinsurancetulsa.com/blog/tips-on-how-to-save-on-car-insurance-in-tulsa-easily","2","Tips on How to Save on Car Insurance in Tulsa Easily","52","How to Save on Car Insurance in Tulsa: Expert Tips for Every Driver","67","Indexable",""
"https://cheapestcarinsurancetulsa.com/blog/understanding-how-to-file-an-auto-insurance-claim","1","Understanding How to File an Auto Insurance Claim","49","","0","Indexable",""
"https://cheapestcarinsurancetulsa.com/blog/auto-insurance-strategies-for-extreme-weather-preparedness","1","Auto Insurance Strategies for Extreme Weather Preparedness","58","","0","Indexable",""
"https://cheapestcarinsurancetulsa.com/blog/how-ai-automation-transforms-cost-efficiency-in-insurance-key-benefits-and-implementation-strategies","1","How AI Automation Transforms Cost Efficiency in Insurance: Key Benefits and Implementation Strategies","101","","0","Indexable",""
"https://cheapestcarinsurancetulsa.com/blog/how-to-drive-down-car-insurance-premiums-in-oklahoma-affordable-car-insurance-tips-this-2024","1","How to Drive Down Car Insurance Premiums in Oklahoma, Affordable Car Insurance Tips This 2024","93","","0","Indexable",""
"https://cheapestcarinsurancetulsa.com/blog/cheapest-renters-insurance","2","00.06 Cheapest Renters Insurance","32","Cheapest Renters Insurance","26","Indexable",""
"https://cheapestcarinsurancetulsa.com/blog/top-ways-tulsa-drivers-can-save-on-their-car-insurance","2","Top Ways Tulsa Drivers Can Save on Their Car Insurance","54","How Tulsa Drivers Can Save Big on Car Insurance: Affordable Coverage and Smart Savings","86","Indexable",""
"https://cheapestcarinsurancetulsa.com/blog/is-online-car-insurance-safe-what-you-should-know-before-buying-in-tulsa-oklahoma","1","Is Online Car Insurance Safe? What You Should Know Before Buying in Tulsa, Oklahoma","83","","0","Indexable",""
"https://cheapestcarinsurancetulsa.com/blog/ai-solutions-transforming-insurance-industry-challenges-how-artificial-intelligence-enhances-claims-underwriting-risk-management-and-customer-experience","2","AI Solutions Transforming Insurance Industry Challenges: How Artificial Intelligence Enhances Claims, Underwriting, Risk Management, and Customer Experience","156","AI Solutions Transforming Insurance Industry Challenges","55","Indexable",""
"https://cheapestcarinsurancetulsa.com/blog/modernize-insurance-agencies-with-quotelys-insurtech-operating-system","1","Modernize Insurance Agencies with Quotely’s Insurtech Operating System","70","","0","Indexable",""
"https://cheapestcarinsurancetulsa.com/blog/why-oklahoma-city-drivers-need-comprehensive-car-insurance-coverage","2","Why Oklahoma City Drivers Need Comprehensive Car Insurance Coverage","67","","0","Indexable",""
"https://cheapestcarinsurancetulsa.com/blog/tulsa-child-safety-insurance-tips","1","Safe Road Travels for Children in Tulsa (2025) | 10 Essential Tips","66","","0","Indexable",""
"https://cheapestcarinsurancetulsa.com/blog/travel-like-a-pro","1","Travel Like a Pro","17","","0","Indexable",""
"https://cheapestcarinsurancetulsa.com/blog/navigating-car-accidents-insured-vs-uninsured-car-owners-in-the-us","1","Navigating Car Accidents: Insured vs. Uninsured Car Owners in the US","68","","0","Indexable",""
"https://cheapestcarinsurancetulsa.com/blog/motorworld-sydney-auto-show","3","MotorWorld Sydney | Premier Automotive Festival","47","Cheapest Auto Insurance Oklahoma","32","Indexable",""
"https://cheapestcarinsurancetulsa.com/blog/understanding-car-insurance","2","Understanding Car Insurance: A Guide to Safe Auto Coverage Options","66","","0","Indexable",""
"https://cheapestcarinsurancetulsa.com/contact","1","Contact","7","","0","Indexable",""
"https://cheapestcarinsurancetulsa.com/contact-us","2","Contact Us","10","Contact Us Contact Information: Cheapest Car Insurance Tulsa","60","Indexable",""
"https://www.cheapestcarinsurancetulsa.com/","2","Compare Car Insurance Rates in Tulsa","36","Insurance Quote Calculator","26","Non-Indexable","Canonicalised"
"https://www.cheapestcarinsurancetulsa.com/blog/maximize-cost-savings-with-ai-automation-in-insurance-how-to-reduce-costs-and-boost-efficiency","1","Maximize Cost Savings With AI Automation in Insurance: How to Reduce Costs and Boost Efficiency","95","","0","Non-Indexable","Canonicalised"
"https://www.cheapestcarinsurancetulsa.com/quote","1","Get Your Free Quote","19","","0","Non-Indexable","Canonicalised"
"https://www.cheapestcarinsurancetulsa.com/blog","1","Insurance Blog","14","","0","Non-Indexable","Canonicalised"
"https://www.cheapestcarinsurancetulsa.com/editorial-standards","1","Editorial Standards","19","","0","Non-Indexable","Canonicalised"
"https://www.cheapestcarinsurancetulsa.com/terms","1","Terms of Service","16","","0","Non-Indexable","Canonicalised"
"https://www.cheapestcarinsurancetulsa.com/accessibility","1","Accessibility Statement","23","","0","Non-Indexable","Canonicalised"
"https://www.cheapestcarinsurancetulsa.com/blog/ezlynx-ams-crm-rater-a-practical-breakdown-for-independent-insurance-agencies","1","EZLynx AMS CRM Rater: A Practical Breakdown for Independent Insurance Agencies","78","","0","Non-Indexable","Canonicalised"
"https://www.cheapestcarinsurancetulsa.com/sms-terms","1","SMS Terms & Conditions","22","","0","Non-Indexable","Canonicalised"
"https://www.cheapestcarinsurancetulsa.com/oklahoma-car-insurance-guide","1","Oklahoma Car Insurance Guide 2026","33","","0","Non-Indexable","Canonicalised"
"https://www.cheapestcarinsurancetulsa.com/about","1","About Cheapest Car Insurance Tulsa","34","","0","Non-Indexable","Canonicalised"
"https://www.cheapestcarinsurancetulsa.com/industry-news","1","Auto Insurance Industry News","28","","0","Non-Indexable","Canonicalised"
"https://www.cheapestcarinsurancetulsa.com/blog/auto-and-home-insurance-rater-software-compare-quotes-save-time-and-boost-agency-efficiency","1","Auto and Home Insurance Rater Software: Compare Quotes, Save Time, and Boost Agency Efficiency","94","","0","Non-Indexable","Canonicalised"
"https://www.cheapestcarinsurancetulsa.com/faq","1","Frequently Asked Questions","26","","0","Non-Indexable","Canonicalised"
"https://www.cheapestcarinsurancetulsa.com/privacy","1","Privacy Policy","14","","0","Non-Indexable","Canonicalised"
"https://www.cheapestcarinsurancetulsa.com/blog/navigating-the-claims-process-for-totaled-vehicles","2","Navigating the Claims Process for Totaled Vehicles","50","","0","Non-Indexable","Canonicalised"
"https://www.cheapestcarinsurancetulsa.com/blog/find-the-best-car-insurance-in-tulsa-oklahoma-a-comprehensive-guide","2","Find the Best Car Insurance in Tulsa, Oklahoma: A Comprehensive Guide","69","","0","Non-Indexable","Canonicalised"
"https://www.cheapestcarinsurancetulsa.com/blog/ezlynx-ams-crm-rater","1","EZLynx AMS CRM Rater","20","","0","Non-Indexable","Canonicalised"
"https://www.cheapestcarinsurancetulsa.com/blog/types-of-car-insurance-coverage-explained","1","Types of Car Insurance Coverage Explained","41","","0","Non-Indexable","Canonicalised"
"https://www.cheapestcarinsurancetulsa.com/blog/the-ultimate-guide-to-self-care-daily-habits-to-boost-your-mood","1","The Ultimate Guide to Self-Care: Daily Habits to Boost Your Mood","64","","0","Non-Indexable","Canonicalised"
"https://cheapestcarinsurancetulsa.com/?swcfpc=1","2","Compare Car Insurance Rates in Tulsa","36","Insurance Quote Calculator","26","Non-Indexable","Canonicalised"
"https://www.cheapestcarinsurancetulsa.com/blog/auto-insurance-strategies-for-extreme-weather-preparedness","1","Auto Insurance Strategies for Extreme Weather Preparedness","58","","0","Non-Indexable","Canonicalised"
"https://www.cheapestcarinsurancetulsa.com/blog/blog-post-title","1","Blog Post Title","15","","0","Non-Indexable","Canonicalised"
"https://www.cheapestcarinsurancetulsa.com/blog/cheaper-auto-insurance-oklahoma","2","00.03 Guide to Cheaper Auto Insurance in Oklahoma","49","Oklahoma’s Guide to Budget Auto Insurance Solutions","51","Non-Indexable","Canonicalised"
"https://www.cheapestcarinsurancetulsa.com/blog/10-common-mistakes-tulsa-drivers-make-when-buying-auto-insurance","1","10 Common Mistakes Tulsa Drivers Make When Buying Auto Insurance","64","","0","Non-Indexable","Canonicalised"
"https://www.cheapestcarinsurancetulsa.com/blog/navigating-oklahoma-roads-a-comprehensive-guide-to-driving-and-car-insurance-in-ok","2","Navigating Oklahoma Roads: A Comprehensive Guide to Driving and Car Insurance in OK","83","","0","Non-Indexable","Canonicalised"
"https://www.cheapestcarinsurancetulsa.com/blog/tulsa-best-car-insurance","1","00.05 Tulsa’s Best Car Insurance","32","","0","Non-Indexable","Canonicalised"
"https://www.cheapestcarinsurancetulsa.com/blog/ai-automation-advantages-transforming-insurance-operations","1","AI Automation Advantages Transforming Insurance Operations","58","","0","Non-Indexable","Canonicalised"
"https://www.cheapestcarinsurancetulsa.com/blog/why-ai-is-making-legacy-insurance-raters-obsolete","1","Why AI is Making Legacy Insurance Raters Obsolete","49","","0","Non-Indexable","Canonicalised"
"https://www.cheapestcarinsurancetulsa.com/blog/understanding-premium-vs-standard-car-insurance-in-oklahoma","1","Understanding Premium vs Standard Car Insurance in Oklahoma","59","","0","Non-Indexable","Canonicalised"
"https://www.cheapestcarinsurancetulsa.com/blog/comprehensive-guide-to-comparative-rating-software-for-independent-insurance-agents","1","Comprehensive Guide to Comparative Rating Software for Independent Insurance Agents","83","","0","Non-Indexable","Canonicalised"
"https://www.cheapestcarinsurancetulsa.com/car-insurance-glenpool","1","Cheap Car Insurance in Glenpool, Oklahoma","41","","0","Non-Indexable","Canonicalised"
"https://www.cheapestcarinsurancetulsa.com/progressive-car-insurance","1","Progressive Car Insurance in Tulsa","34","","0","Non-Indexable","Canonicalised"
"https://www.cheapestcarinsurancetulsa.com/car-insurance-sand-springs","1","Cheap Car Insurance in Sand Springs, Oklahoma","45","","0","Non-Indexable","Canonicalised"
"https://www.cheapestcarinsurancetulsa.com/car-insurance-collinsville","1","Cheap Car Insurance in Collinsville, Oklahoma","45","","0","Non-Indexable","Canonicalised"
"https://www.cheapestcarinsurancetulsa.com/car-insurance-jenks","1","Cheap Car Insurance in Jenks, Oklahoma","38","","0","Non-Indexable","Canonicalised"
"https://www.cheapestcarinsurancetulsa.com/car-insurance-sapulpa","1","Cheap Car Insurance in Sapulpa, Oklahoma","40","","0","Non-Indexable","Canonicalised"
"https://www.cheapestcarinsurancetulsa.com/car-insurance-bixby","1","Cheap Car Insurance in Bixby, Oklahoma","38","","0","Non-Indexable","Canonicalised"
"https://www.cheapestcarinsurancetulsa.com/car-insurance-broken-arrow","1","Cheap Car Insurance in Broken Arrow, Oklahoma","45","","0","Non-Indexable","Canonicalised"
"https://www.cheapestcarinsurancetulsa.com/car-insurance-owasso","1","Cheap Car Insurance in Owasso, Oklahoma","39","","0","Non-Indexable","Canonicalised"
"https://www.cheapestcarinsurancetulsa.com/blog/insurance-agent-platform-how-to-boost-agency-productivity-and-operational-intelligence","1","Insurance Agent Platform: How to Boost Agency Productivity and Operational Intelligence","87","","0","Non-Indexable","Canonicalised"
"https://www.cheapestcarinsurancetulsa.com/blog/affordable-car-insurance-oklahoma","2","Affordable Car Insurance for Smart Drivers in Oklahoma","54","","0","Non-Indexable","Canonicalised"
"https://www.cheapestcarinsurancetulsa.com/blog/save-money-on-car-insurance","1","Save Money Fast: Affordable Car Insurance Strategies That Work","62","","0","Non-Indexable","Canonicalised"
"https://www.cheapestcarinsurancetulsa.com/blog/https-cheapestcarinsurancetulsa-com-top-10-reliable-cars-for-every-budget-in-tulsa","1","Top 10 Reliable Cars for Every Budget in Tulsa – Find Your Perfect Vehicle","74","","0","Non-Indexable","Canonicalised"
"https://www.cheapestcarinsurancetulsa.com/blog/gail-insurtech-platform-how-ai-empowers-independent-insurance-agents-to-boost-sales-and-efficiency","1","Gail Insurtech Platform: How AI Empowers Independent Insurance Agents to Boost Sales and Efficiency","99","","0","Non-Indexable","Canonicalised"
"https://www.cheapestcarinsurancetulsa.com/blog/save-money-insurance","11","3.6 Progressive Auto Insurance","30","Progressive Auto Insurance in Oklahoma: Affordable Coverage and Roadside Assistance","83","Non-Indexable","Canonicalised"
"https://www.cheapestcarinsurancetulsa.com/blog/insights","1","4.2Insights","11","","0","Non-Indexable","Canonicalised"
"https://www.cheapestcarinsurancetulsa.com/blog/ok","2","00.02 UVED Vehicle Enforcement","30","Oklahoma’s Uninsured Vehicle Enforcement Diversion Program","58","Non-Indexable","Canonicalised"
"https://www.cheapestcarinsurancetulsa.com/blog/how-to-calculate-your-car-insurance-premiums-a-comprehensive-guide","2","How to Calculate Your Car Insurance Premiums: A Comprehensive Guide","67","","0","Non-Indexable","Canonicalised"
"https://www.cheapestcarinsurancetulsa.com/blog/why-ai-driven-insurance-software-outperforms-traditional-methods","1","Why AI-Driven Insurance Software Outperforms Traditional Methods","64","","0","Non-Indexable","Canonicalised"
"https://www.cheapestcarinsurancetulsa.com/blog/ai-automation-benefits-for-efficiency-in-insurance-how-ai-enhances-operations-accuracy-and-customer-experience","1","AI Automation Benefits for Efficiency in Insurance: How AI Enhances Operations, Accuracy, and Customer Experience","113","","0","Non-Indexable","Canonicalised"
"https://www.cheapestcarinsurancetulsa.com/blog/child-safety-driving-with-babies","1","Child Safety on the Road: Best Practices for Driving with Babies","64","","0","Non-Indexable","Canonicalised"
"https://www.cheapestcarinsurancetulsa.com/blog/tulsa-child-safety-insurance-tips","1","Safe Road Travels for Children in Tulsa (2025) | 10 Essential Tips","66","","0","Non-Indexable","Canonicalised"
"https://www.cheapestcarinsurancetulsa.com/blog/car-insurance-in-oklahoma","1","Car Insurance in Oklahoma | Budget-Friendly Solutions That Drive Smart","70","","0","Non-Indexable","Canonicalised"
"https://www.cheapestcarinsurancetulsa.com/blog/full-coverage-car-insurance-2024","1","Is Full Coverage Car Insurance Worth It in 2024? Here’s What You Need to Know","77","","0","Non-Indexable","Canonicalised"
"https://www.cheapestcarinsurancetulsa.com/blog/deepseek-r1-model","2","DeepSeek.ai R1 Model: Open-Source AI Power Redefined","52","DeepSeek-R1: A Technical Analysis and Market Impact Assessment","62","Non-Indexable","Canonicalised"
"https://www.cheapestcarinsurancetulsa.com/blog/updating-your-car-insurance-policy-following-significant-life-events-2","2","Updating Your Car Insurance Policy Following Significant Life Events","68","","0","Non-Indexable","Canonicalised"
"https://www.cheapestcarinsurancetulsa.com/blog/why-tulsa-drivers-should-consider-uninsured-motorist-coverage","1","Why Tulsa Drivers Should Consider Uninsured Motorist Coverage","61","","0","Non-Indexable","Canonicalised"
"https://www.cheapestcarinsurancetulsa.com/blog/3-7equity-auto-insurance","5","3.7Equity Auto Insurance","24","Equity Auto Insurance","21","Non-Indexable","Canonicalised"
"https://www.cheapestcarinsurancetulsa.com/blog/modernize-insurance-agencies-with-quotelys-insurtech-operating-system-2","1","Modernize Insurance Agencies with Quotely’s Insurtech Operating System","70","","0","Non-Indexable","Canonicalised"
"https://www.cheapestcarinsurancetulsa.com/blog/navigating-car-accidents-insured-vs-uninsured-car-owners-in-the-us","1","Navigating Car Accidents: Insured vs. Uninsured Car Owners in the US","68","","0","Non-Indexable","Canonicalised"
"https://www.cheapestcarinsurancetulsa.com/blog/modernize-insurance-agencies-with-quotelys-insurtech-operating-system","1","Modernize Insurance Agencies with Quotely’s Insurtech Operating System","70","","0","Non-Indexable","Canonicalised"
"https://www.cheapestcarinsurancetulsa.com/blog/is-your-car-properly-insured","2","Is Your Car Properly Insured? A Quick Checklist for Peace of Mind","65","Ensuring Your Car Is Fully Insured: Essential Checklist for Complete Coverage","77","Non-Indexable","Canonicalised"
"https://www.cheapestcarinsurancetulsa.com/blog/is-online-car-insurance-safe-what-you-should-know-before-buying-in-tulsa-oklahoma","1","Is Online Car Insurance Safe? What You Should Know Before Buying in Tulsa, Oklahoma","83","","0","Non-Indexable","Canonicalised"
"https://www.cheapestcarinsurancetulsa.com/blog/cheapest-renters-insurance","2","00.06 Cheapest Renters Insurance","32","Cheapest Renters Insurance","26","Non-Indexable","Canonicalised"
"https://www.cheapestcarinsurancetulsa.com/blog/how-ai-automation-transforms-cost-efficiency-in-insurance-key-benefits-and-implementation-strategies","1","How AI Automation Transforms Cost Efficiency in Insurance: Key Benefits and Implementation Strategies","101","","0","Non-Indexable","Canonicalised"
"https://www.cheapestcarinsurancetulsa.com/blog/understanding-how-to-file-an-auto-insurance-claim","1","Understanding How to File an Auto Insurance Claim","49","","0","Non-Indexable","Canonicalised"
"https://www.cheapestcarinsurancetulsa.com/blog/ai-automation-benefits-in-insurance-software-how-ai-enhances-efficiency-accuracy-and-customer-experience","2","AI Automation Benefits in Insurance Software: How AI Enhances Efficiency, Accuracy, and Customer Experience","107","AI Automation Benefits in Insurance Software","44","Non-Indexable","Canonicalised"
"https://www.cheapestcarinsurancetulsa.com/blog/tulsa-teen-drivers-tips-for-affordable-car-insurance","1","Tulsa Teen Drivers: Tips for Affordable Car Insurance","53","","0","Non-Indexable","Canonicalised"
"https://www.cheapestcarinsurancetulsa.com/blog/why-oklahoma-city-drivers-need-comprehensive-car-insurance-coverage","2","Why Oklahoma City Drivers Need Comprehensive Car Insurance Coverage","67","","0","Non-Indexable","Canonicalised"
"https://www.cheapestcarinsurancetulsa.com/blog/buying-auto-insurance-guide","2","Buying Auto Insurance: The Beginner’s Guide","43","Introduction","12","Non-Indexable","Canonicalised"
"https://www.cheapestcarinsurancetulsa.com/blog/top-ways-tulsa-drivers-can-save-on-their-car-insurance","2","Top Ways Tulsa Drivers Can Save on Their Car Insurance","54","How Tulsa Drivers Can Save Big on Car Insurance: Affordable Coverage and Smart Savings","86","Non-Indexable","Canonicalised"
"https://www.cheapestcarinsurancetulsa.com/blog/teen-insure-tips","3","00.01 Essential Car Insurance Tips for New Teen Drivers","55","00.01 Essential Car Insurance Tips for New Teen Drivers","55","Non-Indexable","Canonicalised"
"https://www.cheapestcarinsurancetulsa.com/blog/factors-that-affect-your-car-insurance-premium","1","Factors That Affect Your Car Insurance Premium","46","","0","Non-Indexable","Canonicalised"
"https://www.cheapestcarinsurancetulsa.com/blog/comprehensive-guide-to-car-insurance-in-tulsa-oklahoma","2","Comprehensive Guide to Car Insurance in Tulsa, Oklahoma","55","","0","Non-Indexable","Canonicalised"
"https://www.cheapestcarinsurancetulsa.com/blog/comparing-full-coverage-vs-liability-insurance-for-oklahoma-drivers","2","Comparing Full Coverage vs. Liability Insurance for Oklahoma Drivers","68","Understanding Full Coverage and Liability Insurance: What You Need to Know","74","Non-Indexable","Canonicalised"
"https://www.cheapestcarinsurancetulsa.com/blog/motorworld-sydney-auto-show","3","MotorWorld Sydney | Premier Automotive Festival","47","Cheapest Auto Insurance Oklahoma","32","Non-Indexable","Canonicalised"
"https://www.cheapestcarinsurancetulsa.com/blog/travel-like-a-pro","1","Travel Like a Pro","17","","0","Non-Indexable","Canonicalised"
"https://www.cheapestcarinsurancetulsa.com/blog/updating-your-car-insurance-policy-following-significant-life-events","1","Updating Your Car Insurance Policy Following Significant Life Events","68","","0","Non-Indexable","Canonicalised"
"https://www.cheapestcarinsurancetulsa.com/blog/how-to-drive-down-car-insurance-premiums-in-oklahoma-affordable-car-insurance-tips-this-2024","1","How to Drive Down Car Insurance Premiums in Oklahoma, Affordable Car Insurance Tips This 2024","93","","0","Non-Indexable","Canonicalised"
"https://www.cheapestcarinsurancetulsa.com/blog/evaluating-full-coverage-car-insurance-benefits-and-considerations","2","Evaluating Full Coverage Car Insurance: Benefits and Considerations","67","","0","Non-Indexable","Canonicalised"
"https://www.cheapestcarinsurancetulsa.com/blog/ai-solutions-transforming-insurance-industry-challenges-how-artificial-intelligence-enhances-claims-underwriting-risk-management-and-customer-experience","2","AI Solutions Transforming Insurance Industry Challenges: How Artificial Intelligence Enhances Claims, Underwriting, Risk Management, and Customer Experience","156","AI Solutions Transforming Insurance Industry Challenges","55","Non-Indexable","Canonicalised"
"https://www.cheapestcarinsurancetulsa.com/blog/tips-on-how-to-save-on-car-insurance-in-tulsa-easily","2","Tips on How to Save on Car Insurance in Tulsa Easily","52","How to Save on Car Insurance in Tulsa: Expert Tips for Every Driver","67","Non-Indexable","Canonicalised"
"https://www.cheapestcarinsurancetulsa.com/blog/what-are-the-key-benefits-of-ai-automation-in-insurance","2","What Are the Key Benefits of AI Automation in Insurance?","56","What Are the Key Benefits of AI Automation in Insurance?","56","Non-Indexable","Canonicalised"
"https://www.cheapestcarinsurancetulsa.com/blog/how-cars-and-trucks-alter-insurance-premiums-in-tulsa","1","How Cars and Trucks Alter Insurance Premiums in Tulsa","53","","0","Non-Indexable","Canonicalised"
"https://www.cheapestcarinsurancetulsa.com/blog/your-ultimate-guide-to-insurance-agency-management-systems-features-benefits-and-solutions-for-agents","1","Your Ultimate Guide to Insurance Agency Management Systems: Features, Benefits, and Solutions for Agents","104","","0","Non-Indexable","Canonicalised"
"https://www.cheapestcarinsurancetulsa.com/blog/understanding-the-basics-of-car-insurance","1","Understanding the Basics of Car Insurance","41","","0","Non-Indexable","Canonicalised"
"https://www.cheapestcarinsurancetulsa.com/blog/understanding-car-insurance","2","Understanding Car Insurance: A Guide to Safe Auto Coverage Options","66","","0","Non-Indexable","Canonicalised"
"https://www.cheapestcarinsurancetulsa.com/blog/why-every-oklahoman-needs-quality-car-insurance-2","1","Why Every Oklahoman Needs Quality Car Insurance?","48","","0","Non-Indexable","Canonicalised"
"https://www.cheapestcarinsurancetulsa.com/blog/affordable-auto-insurance-secure-low-rates-in-tulsa-oklahoma","2","Affordable Auto Insurance: Secure Low Rates in Tulsa, Oklahoma","62","","0","Non-Indexable","Canonicalised"
"https://www.cheapestcarinsurancetulsa.com/blog/how-to-plan-a-last-minute-weekend-getaway","1","How to Plan a Last-Minute Weekend Getaway","41","","0","Non-Indexable","Canonicalised"
"https://www.cheapestcarinsurancetulsa.com/blog/oklahoma-auto-insurance-guide","1","Understanding Oklahoma Auto Insurance: Essential Guide","54","","0","Non-Indexable","Canonicalised"
"https://www.cheapestcarinsurancetulsa.com/blog/the-quotely-ai-revolution-1-37-hour-vs-15-hour-staff","1","The Quotely AI Revolution: $1.37/Hour vs $15+/Hour Staff","56","","0","Non-Indexable","Canonicalised"
"https://www.cheapestcarinsurancetulsa.com/blog/quotely-founder-dustin-wyzard-tulsa","2","TryQuotely.com","14","Dustin Wyzard and Quotely: Founder’s Vision Behind the AI-Powered Insurtech SaaS Platform","89","Non-Indexable","Canonicalised"
"https://www.cheapestcarinsurancetulsa.com/blog/ai-in-insurance-how-its-revolutionizing-agencies-and-operations","1","AI in Insurance: How It’s Revolutionizing Agencies and Operations","65","","0","Non-Indexable","Canonicalised"
"https://www.cheapestcarinsurancetulsa.com/blog/finding-the-ideal-age-for-maximum-car-insurance-savings-in-oklahoma-city","2","Finding the Ideal Age for Maximum Car Insurance Savings in Oklahoma City","72","","0","Non-Indexable","Canonicalised"
"https://www.cheapestcarinsurancetulsa.com/blog/how-ai-solutions-transform-efficiency-in-insurance-software-for-independent-agents-and-agencies","2","How AI Solutions Transform Efficiency in Insurance Software for Independent Agents and Agencies","95","How AI Solutions Transform Efficiency in Insurance Software","59","Non-Indexable","Canonicalised"
"https://www.cheapestcarinsurancetulsa.com/blog/why-comprehensive-coverage-is-a-must-for-tulsas-storm-season","1","Why Comprehensive Coverage Is a Must for Tulsa’s Storm Season","61","","0","Non-Indexable","Canonicalised"
"https://www.cheapestcarinsurancetulsa.com/blog/why-every-oklahoman-needs-quality-car-insurance","1","Why Every Oklahoman Needs Quality Car Insurance?","48","","0","Non-Indexable","Canonicalised"
"https://www.cheapestcarinsurancetulsa.com/blog/financial-security-in-insurance","1","Financial Security in Insurance","31","","0","Non-Indexable","Canonicalised"
"https://www.cheapestcarinsurancetulsa.com/blog/understanding-car-insurance-a-guide-to-safe-auto-coverage-options","2","Understanding Car Insurance: A Guide to Safe Auto Coverage Options","66","","0","Non-Indexable","Canonicalised"
"https://www.cheapestcarinsurancetulsa.com/blog/the-impact-of-credit-scores-on-auto-insurance-premiums","2","The Impact of Credit Scores on Auto Insurance Premiums","54","","0","Non-Indexable","Canonicalised"
"https://www.cheapestcarinsurancetulsa.com/blog/save-big-by-bundling-home-and-auto-insurance-in-tulsa","1","Save Big by Bundling Home and Auto Insurance in Tulsa","53","","0","Non-Indexable","Canonicalised"
"https://www.cheapestcarinsurancetulsa.com/blog/what-to-do-after-a-car-accident","1","Car Accident Checklist: How to Stay Safe and Protected","54","","0","Non-Indexable","Canonicalised"
"https://www.cheapestcarinsurancetulsa.com/blog/new-driver-essential-car-insurance-tips-for-2024","1","New Driver? Essential Car Insurance Tips for 2024","49","","0","Non-Indexable","Canonicalised"
"https://www.cheapestcarinsurancetulsa.com/blog/comparing-auto-insurance-costs-tulsa-vs-major-cities","1","Comparing Auto Insurance Costs: Tulsa vs. Major Cities","54","","0","Non-Indexable","Canonicalised"
