"Address","Occurrences","Title 1","Title 1 Length","Title 1 Pixel Width","Title 2","Title 2 Length","Title 2 Pixel Width","Indexability","Indexability Status"
"https://cheapestcarinsurancetulsa.com/","1","Compare Car Insurance in Tulsa | 10 Carriers | Free Quotes","58","520","","0","0","Indexable",""
"https://cheapestcarinsurancetulsa.com/industry-news","1","Auto Insurance Industry News | Oklahoma & National Coverage | Cheapest Car Insurance Tulsa","90","841","","0","0","Indexable",""
"https://cheapestcarinsurancetulsa.com/faq","1","Car Insurance FAQ | Common Questions Answered | Cheapest Car Insurance Tulsa","76","733","","0","0","Indexable",""
"https://cheapestcarinsurancetulsa.com/accessibility","1","Accessibility Statement | Cheapest Car Insurance Tulsa","54","492","","0","0","Indexable",""
"https://cheapestcarinsurancetulsa.com/about","1","About Us | Licensed Oklahoma Insurance Agency | Cheapest Car Insurance Tulsa","76","717","","0","0","Indexable",""
"https://cheapestcarinsurancetulsa.com/blog/maximize-cost-savings-with-ai-automation-in-insurance-how-to-reduce-costs-and-boost-efficiency","1","Maximize Cost Savings With AI Automation in Insurance: How to Reduce Costs and Boost Efficiency | Cheapest Car Insurance Tulsa","126","1171","","0","0","Indexable",""
"https://cheapestcarinsurancetulsa.com/quote","1","Get a Free Quote | Cheapest Car Insurance Tulsa","47","431","","0","0","Indexable",""
"https://cheapestcarinsurancetulsa.com/blog/ezlynx-ams-crm-rater-a-practical-breakdown-for-independent-insurance-agencies","1","EZLynx AMS CRM Rater: A Practical Breakdown for Independent Insurance Agencies | Cheapest Car Insurance Tulsa","109","1030","","0","0","Indexable",""
"https://cheapestcarinsurancetulsa.com/oklahoma-car-insurance-guide","1","Oklahoma Car Insurance Guide 2026 | Requirements, Rates & Tips | Cheapest Car Insurance Tulsa","93","868","","0","0","Indexable",""
"https://cheapestcarinsurancetulsa.com/privacy","1","Privacy Policy | Cheapest Car Insurance Tulsa","45","405","","0","0","Indexable",""
"https://cheapestcarinsurancetulsa.com/terms","1","Terms of Service | Cheapest Car Insurance Tulsa","47","433","","0","0","Indexable",""
"https://cheapestcarinsurancetulsa.com/blog/auto-and-home-insurance-rater-software-compare-quotes-save-time-and-boost-agency-efficiency","1","Auto and Home Insurance Rater Software: Compare Quotes, Save Time, and Boost Agency Efficiency | Cheapest Car Insurance Tulsa","125","1176","","0","0","Indexable",""
"https://cheapestcarinsurancetulsa.com/sms-terms","1","SMS Terms & Conditions | Cheapest Car Insurance Tulsa","53","504","","0","0","Indexable",""
"https://cheapestcarinsurancetulsa.com/editorial-standards","1","Editorial Standards | How We Create Trustworthy Content | Cheapest Car Insurance Tulsa","86","791","","0","0","Indexable",""
"https://cheapestcarinsurancetulsa.com/blog","1","Blog | Cheapest Car Insurance Tulsa","35","322","","0","0","Indexable",""
"https://cheapestcarinsurancetulsa.com/blog/tulsa-best-car-insurance","1","00.05 Tulsa&#8217;s Best Car Insurance | Cheapest Car Insurance Tulsa","69","574","","0","0","Indexable",""
"https://cheapestcarinsurancetulsa.com/blog/cheaper-auto-insurance-oklahoma","1","00.03 Guide to Cheaper Auto Insurance in Oklahoma | Cheapest Car Insurance Tulsa","80","748","","0","0","Indexable",""
"https://cheapestcarinsurancetulsa.com/blog/ezlynx-ams-crm-rater","1","EZLynx AMS CRM Rater | Cheapest Car Insurance Tulsa","51","494","","0","0","Indexable",""
"https://cheapestcarinsurancetulsa.com/blog/tulsa-teen-drivers-tips-for-affordable-car-insurance","1","Tulsa Teen Drivers: Tips for Affordable Car Insurance | Cheapest Car Insurance Tulsa","84","754","","0","0","Indexable",""
"https://cheapestcarinsurancetulsa.com/blog/comprehensive-guide-to-car-insurance-in-tulsa-oklahoma","1","Comprehensive Guide to Car Insurance in Tulsa, Oklahoma | Cheapest Car Insurance Tulsa","86","804","","0","0","Indexable",""
"https://cheapestcarinsurancetulsa.com/blog/full-coverage-car-insurance-2024","1","Is Full Coverage Car Insurance Worth It in 2024? Here’s What You Need to Know | Cheapest Car Insurance Tulsa","108","990","","0","0","Indexable",""
"https://cheapestcarinsurancetulsa.com/blog/the-quotely-ai-revolution-1-37-hour-vs-15-hour-staff","1","The Quotely AI Revolution: $1.37/Hour vs $15+/Hour Staff | Cheapest Car Insurance Tulsa","87","799","","0","0","Indexable",""
"https://cheapestcarinsurancetulsa.com/blog/comprehensive-guide-to-comparative-rating-software-for-independent-insurance-agents","1","Comprehensive Guide to Comparative Rating Software for Independent Insurance Agents | Cheapest Car Insurance Tulsa","114","1074","","0","0","Indexable",""
"https://cheapestcarinsurancetulsa.com/car-insurance-sand-springs","1","Cheap Car Insurance Sand Springs, OK | Compare 10 Carriers | Cheapest Car Insurance Tulsa","89","825","","0","0","Indexable",""
"https://cheapestcarinsurancetulsa.com/car-insurance-bixby","1","Cheap Car Insurance Bixby, OK | Compare 10 Carriers | Cheapest Car Insurance Tulsa","82","755","","0","0","Indexable",""
"https://cheapestcarinsurancetulsa.com/progressive-car-insurance","1","Progressive Car Insurance in Tulsa, OK | Compare Quotes | Cheapest Car Insurance Tulsa","86","791","","0","0","Indexable",""
"https://cheapestcarinsurancetulsa.com/car-insurance-collinsville","1","Cheap Car Insurance Collinsville, OK | Compare 10 Carriers | Cheapest Car Insurance Tulsa","89","803","","0","0","Indexable",""
"https://cheapestcarinsurancetulsa.com/car-insurance-owasso","1","Cheap Car Insurance Owasso, OK | Compare 10 Carriers | Cheapest Car Insurance Tulsa","83","778","","0","0","Indexable",""
"https://cheapestcarinsurancetulsa.com/car-insurance-glenpool","1","Cheap Car Insurance Glenpool, OK | Compare 10 Carriers | Cheapest Car Insurance Tulsa","85","786","","0","0","Indexable",""
"https://cheapestcarinsurancetulsa.com/car-insurance-broken-arrow","1","Cheap Car Insurance Broken Arrow, OK | Compare 10 Carriers | Cheapest Car Insurance Tulsa","89","826","","0","0","Indexable",""
"https://cheapestcarinsurancetulsa.com/car-insurance-jenks","1","Cheap Car Insurance Jenks, OK | Compare 10 Carriers | Cheapest Car Insurance Tulsa","82","760","","0","0","Indexable",""
"https://cheapestcarinsurancetulsa.com/car-insurance-sapulpa","1","Cheap Car Insurance Sapulpa, OK | Compare 10 Carriers | Cheapest Car Insurance Tulsa","84","779","","0","0","Indexable",""
"https://cheapestcarinsurancetulsa.com/blog/ai-automation-advantages-transforming-insurance-operations","1","AI Automation Advantages Transforming Insurance Operations | Cheapest Car Insurance Tulsa","89","842","","0","0","Indexable",""
"https://cheapestcarinsurancetulsa.com/blog/why-ai-driven-insurance-software-outperforms-traditional-methods","1","Why AI-Driven Insurance Software Outperforms Traditional Methods | Cheapest Car Insurance Tulsa","95","885","","0","0","Indexable",""
"https://cheapestcarinsurancetulsa.com/blog/insurance-agent-platform-how-to-boost-agency-productivity-and-operational-intelligence","1","Insurance Agent Platform: How to Boost Agency Productivity and Operational Intelligence | Cheapest Car Insurance Tulsa","118","1076","","0","0","Indexable",""
"https://cheapestcarinsurancetulsa.com/blog/gail-insurtech-platform-how-ai-empowers-independent-insurance-agents-to-boost-sales-and-efficiency","1","Gail Insurtech Platform: How AI Empowers Independent Insurance Agents to Boost Sales and Efficiency | Cheapest Car Insurance Tulsa","130","1202","","0","0","Indexable",""
"https://cheapestcarinsurancetulsa.com/blog/3-7equity-auto-insurance","2","3.7Equity Auto Insurance | Cheapest Car Insurance Tulsa","55","504","Equity Auto Insurance | Cheap Affordable Coverage","49","455","Indexable",""
"https://cheapestcarinsurancetulsa.com/blog/why-comprehensive-coverage-is-a-must-for-tulsas-storm-season","1","Why Comprehensive Coverage Is a Must for Tulsa’s Storm Season | Cheapest Car Insurance Tulsa","92","870","","0","0","Indexable",""
"https://cheapestcarinsurancetulsa.com/blog/car-insurance-in-oklahoma","1","Car Insurance in Oklahoma | Budget-Friendly Solutions That Drive Smart | Cheapest Car Insurance Tulsa","101","919","","0","0","Indexable",""
"https://cheapestcarinsurancetulsa.com/blog/the-impact-of-credit-scores-on-auto-insurance-premiums","1","The Impact of Credit Scores on Auto Insurance Premiums | Cheapest Car Insurance Tulsa","85","794","","0","0","Indexable",""
"https://cheapestcarinsurancetulsa.com/blog/blog-post-title","1","Blog Post Title | Cheapest Car Insurance Tulsa","46","412","","0","0","Indexable",""
"https://cheapestcarinsurancetulsa.com/blog/ai-automation-benefits-in-insurance-software-how-ai-enhances-efficiency-accuracy-and-customer-experience","1","AI Automation Benefits in Insurance Software: How AI Enhances Efficiency, Accuracy, and Customer Experience | Cheapest Car Insurance Tulsa","138","1273","","0","0","Indexable",""
"https://cheapestcarinsurancetulsa.com/blog/comparing-auto-insurance-costs-tulsa-vs-major-cities","1","Comparing Auto Insurance Costs: Tulsa vs. Major Cities | Cheapest Car Insurance Tulsa","85","778","","0","0","Indexable",""
"https://cheapestcarinsurancetulsa.com/blog/ai-automation-benefits-for-efficiency-in-insurance-how-ai-enhances-operations-accuracy-and-customer-experience","1","AI Automation Benefits for Efficiency in Insurance: How AI Enhances Operations, Accuracy, and Customer Experience | Cheapest Car Insurance Tulsa","144","1321","","0","0","Indexable",""
"https://cheapestcarinsurancetulsa.com/blog/navigating-oklahoma-roads-a-comprehensive-guide-to-driving-and-car-insurance-in-ok","1","Navigating Oklahoma Roads: A Comprehensive Guide to Driving and Car Insurance in OK | Cheapest Car Insurance Tulsa","114","1067","","0","0","Indexable",""
"https://cheapestcarinsurancetulsa.com/blog/how-to-calculate-your-car-insurance-premiums-a-comprehensive-guide","1","How to Calculate Your Car Insurance Premiums: A Comprehensive Guide | Cheapest Car Insurance Tulsa","98","929","","0","0","Indexable",""
"https://cheapestcarinsurancetulsa.com/blog/save-big-by-bundling-home-and-auto-insurance-in-tulsa","1","Save Big by Bundling Home and Auto Insurance in Tulsa | Cheapest Car Insurance Tulsa","84","780","","0","0","Indexable",""
"https://cheapestcarinsurancetulsa.com/blog/save-money-insurance","2","3.6 Progressive Auto Insurance | Cheapest Car Insurance Tulsa","61","560","Affordable Progressive Auto Insurance in Oklahoma - Comprehensive Guide","71","672","Indexable",""
"https://cheapestcarinsurancetulsa.com/blog/how-ai-solutions-transform-efficiency-in-insurance-software-for-independent-agents-and-agencies","1","How AI Solutions Transform Efficiency in Insurance Software for Independent Agents and Agencies | Cheapest Car Insurance Tulsa","126","1164","","0","0","Indexable",""
"https://cheapestcarinsurancetulsa.com/blog/how-cars-and-trucks-alter-insurance-premiums-in-tulsa","1","How Cars and Trucks Alter Insurance Premiums in Tulsa | Cheapest Car Insurance Tulsa","84","784","","0","0","Indexable",""
"https://cheapestcarinsurancetulsa.com/blog/https-cheapestcarinsurancetulsa-com-top-10-reliable-cars-for-every-budget-in-tulsa","1","Top 10 Reliable Cars for Every Budget in Tulsa – Find Your Perfect Vehicle | Cheapest Car Insurance Tulsa","105","940","","0","0","Indexable",""
"https://cheapestcarinsurancetulsa.com/blog/types-of-car-insurance-coverage-explained","1","Types of Car Insurance Coverage Explained | Cheapest Car Insurance Tulsa","72","668","","0","0","Indexable",""
"https://cheapestcarinsurancetulsa.com/blog/insights","1","4.2Insights | Cheapest Car Insurance Tulsa","42","381","","0","0","Indexable",""
"https://cheapestcarinsurancetulsa.com/blog/what-to-do-after-a-car-accident","1","Car Accident Checklist: How to Stay Safe and Protected | Cheapest Car Insurance Tulsa","85","777","","0","0","Indexable",""
"https://cheapestcarinsurancetulsa.com/blog/the-ultimate-guide-to-self-care-daily-habits-to-boost-your-mood","1","The Ultimate Guide to Self-Care: Daily Habits to Boost Your Mood | Cheapest Car Insurance Tulsa","95","862","","0","0","Indexable",""
"https://cheapestcarinsurancetulsa.com/blog/your-ultimate-guide-to-insurance-agency-management-systems-features-benefits-and-solutions-for-agents","1","Your Ultimate Guide to Insurance Agency Management Systems: Features, Benefits, and Solutions for Agents | Cheapest Car Insurance Tulsa","135","1251","","0","0","Indexable",""
"https://cheapestcarinsurancetulsa.com/blog/why-tulsa-drivers-should-consider-uninsured-motorist-coverage","1","Why Tulsa Drivers Should Consider Uninsured Motorist Coverage | Cheapest Car Insurance Tulsa","92","857","","0","0","Indexable",""
"https://cheapestcarinsurancetulsa.com/blog/why-every-oklahoman-needs-quality-car-insurance-2","1","Why Every Oklahoman Needs Quality Car Insurance? | Cheapest Car Insurance Tulsa","79","746","","0","0","Indexable",""
"https://cheapestcarinsurancetulsa.com/blog/find-the-best-car-insurance-in-tulsa-oklahoma-a-comprehensive-guide","1","Find the Best Car Insurance in Tulsa, Oklahoma: A Comprehensive Guide | Cheapest Car Insurance Tulsa","100","925","","0","0","Indexable",""
"https://cheapestcarinsurancetulsa.com/blog/comparing-full-coverage-vs-liability-insurance-for-oklahoma-drivers","1","Comparing Full Coverage vs. Liability Insurance for Oklahoma Drivers | Cheapest Car Insurance Tulsa","99","896","","0","0","Indexable",""
"https://cheapestcarinsurancetulsa.com/blog/updating-your-car-insurance-policy-following-significant-life-events","1","Updating Your Car Insurance Policy Following Significant Life Events | Cheapest Car Insurance Tulsa","99","890","","0","0","Indexable",""
"https://cheapestcarinsurancetulsa.com/blog/modernize-insurance-agencies-with-quotelys-insurtech-operating-system-2","1","Modernize Insurance Agencies with Quotely&#8217;s Insurtech Operating System | Cheapest Car Insurance Tulsa","107","937","","0","0","Indexable",""
"https://cheapestcarinsurancetulsa.com/blog/navigating-the-claims-process-for-totaled-vehicles","1","Navigating the Claims Process for Totaled Vehicles | Cheapest Car Insurance Tulsa","81","740","","0","0","Indexable",""
"https://cheapestcarinsurancetulsa.com/blog/save-money-on-car-insurance","1","Save Money Fast: Affordable Car Insurance Strategies That Work | Cheapest Car Insurance Tulsa","93","859","","0","0","Indexable",""
"https://cheapestcarinsurancetulsa.com/blog/teen-insure-tips","1","00.01 Essential Car Insurance Tips for New Teen Drivers | Cheapest Car Insurance Tulsa","86","782","","0","0","Indexable",""
"https://cheapestcarinsurancetulsa.com/blog/why-every-oklahoman-needs-quality-car-insurance","1","Why Every Oklahoman Needs Quality Car Insurance? | Cheapest Car Insurance Tulsa","79","746","","0","0","Indexable",""
"https://cheapestcarinsurancetulsa.com/blog/ok","1","00.02 UVED Vehicle Enforcement | Cheapest Car Insurance Tulsa","61","577","","0","0","Indexable",""
"https://cheapestcarinsurancetulsa.com/blog/how-to-plan-a-last-minute-weekend-getaway","1","How to Plan a Last-Minute Weekend Getaway | Cheapest Car Insurance Tulsa","72","687","","0","0","Indexable",""
"https://cheapestcarinsurancetulsa.com/blog/new-driver-essential-car-insurance-tips-for-2024","1","New Driver? Essential Car Insurance Tips for 2024 | Cheapest Car Insurance Tulsa","80","726","","0","0","Indexable",""
"https://cheapestcarinsurancetulsa.com/blog/understanding-premium-vs-standard-car-insurance-in-oklahoma","1","Understanding Premium vs Standard Car Insurance in Oklahoma | Cheapest Car Insurance Tulsa","90","854","","0","0","Indexable",""
"https://cheapestcarinsurancetulsa.com/blog/evaluating-full-coverage-car-insurance-benefits-and-considerations","1","Evaluating Full Coverage Car Insurance: Benefits and Considerations | Cheapest Car Insurance Tulsa","98","891","","0","0","Indexable",""
"https://cheapestcarinsurancetulsa.com/blog/deepseek-r1-model","1","DeepSeek.ai R1 Model: Open-Source AI Power Redefined | Cheapest Car Insurance Tulsa","83","786","","0","0","Indexable",""
"https://cheapestcarinsurancetulsa.com/blog/what-are-the-key-benefits-of-ai-automation-in-insurance","1","What Are the Key Benefits of AI Automation in Insurance? | Cheapest Car Insurance Tulsa","87","792","","0","0","Indexable",""
"https://cheapestcarinsurancetulsa.com/blog/oklahoma-auto-insurance-guide","1","Understanding Oklahoma Auto Insurance: Essential Guide | Cheapest Car Insurance Tulsa","85","795","","0","0","Indexable",""
"https://cheapestcarinsurancetulsa.com/blog/financial-security-in-insurance","1","Financial Security in Insurance | Cheapest Car Insurance Tulsa","62","552","","0","0","Indexable",""
"https://cheapestcarinsurancetulsa.com/blog/child-safety-driving-with-babies","1","Child Safety on the Road: Best Practices for Driving with Babies | Cheapest Car Insurance Tulsa","95","844","","0","0","Indexable",""
"https://cheapestcarinsurancetulsa.com/blog/10-common-mistakes-tulsa-drivers-make-when-buying-auto-insurance","1","10 Common Mistakes Tulsa Drivers Make When Buying Auto Insurance | Cheapest Car Insurance Tulsa","95","913","","0","0","Indexable",""
"https://cheapestcarinsurancetulsa.com/blog/understanding-the-basics-of-car-insurance","1","Understanding the Basics of Car Insurance | Cheapest Car Insurance Tulsa","72","661","","0","0","Indexable",""
"https://cheapestcarinsurancetulsa.com/blog/buying-auto-insurance-guide","1","Buying Auto Insurance: The Beginner’s Guide | Cheapest Car Insurance Tulsa","74","680","","0","0","Indexable",""
"https://cheapestcarinsurancetulsa.com/blog/is-your-car-properly-insured","1","Is Your Car Properly Insured? A Quick Checklist for Peace of Mind | Cheapest Car Insurance Tulsa","96","862","","0","0","Indexable",""
"https://cheapestcarinsurancetulsa.com/blog/finding-the-ideal-age-for-maximum-car-insurance-savings-in-oklahoma-city","1","Finding the Ideal Age for Maximum Car Insurance Savings in Oklahoma City | Cheapest Car Insurance Tulsa","103","953","","0","0","Indexable",""
"https://cheapestcarinsurancetulsa.com/blog/updating-your-car-insurance-policy-following-significant-life-events-2","1","Updating Your Car Insurance Policy Following Significant Life Events | Cheapest Car Insurance Tulsa","99","890","","0","0","Indexable",""
"https://cheapestcarinsurancetulsa.com/blog/understanding-car-insurance-a-guide-to-safe-auto-coverage-options","1","Understanding Car Insurance: A Guide to Safe Auto Coverage Options | Cheapest Car Insurance Tulsa","97","899","","0","0","Indexable",""
"https://cheapestcarinsurancetulsa.com/blog/affordable-auto-insurance-secure-low-rates-in-tulsa-oklahoma","1","Affordable Auto Insurance: Secure Low Rates in Tulsa, Oklahoma | Cheapest Car Insurance Tulsa","93","860","","0","0","Indexable",""
"https://cheapestcarinsurancetulsa.com/blog/why-ai-is-making-legacy-insurance-raters-obsolete","1","Why AI is Making Legacy Insurance Raters Obsolete | Cheapest Car Insurance Tulsa","80","742","","0","0","Indexable",""
"https://cheapestcarinsurancetulsa.com/blog/ai-in-insurance-how-its-revolutionizing-agencies-and-operations","1","AI in Insurance: How It&#8217;s Revolutionizing Agencies and Operations | Cheapest Car Insurance Tulsa","102","865","","0","0","Indexable",""
"https://cheapestcarinsurancetulsa.com/blog/factors-that-affect-your-car-insurance-premium","1","Factors That Affect Your Car Insurance Premium | Cheapest Car Insurance Tulsa","77","715","","0","0","Indexable",""
"https://cheapestcarinsurancetulsa.com/blog/quotely-founder-dustin-wyzard-tulsa","1","TryQuotely.com | Cheapest Car Insurance Tulsa","45","422","","0","0","Indexable",""
"https://cheapestcarinsurancetulsa.com/blog/affordable-car-insurance-oklahoma","1","Affordable Car Insurance for Smart Drivers in Oklahoma | Cheapest Car Insurance Tulsa","85","777","","0","0","Indexable",""
"https://cheapestcarinsurancetulsa.com/blog/tips-on-how-to-save-on-car-insurance-in-tulsa-easily","1","Tips on How to Save on Car Insurance in Tulsa Easily | Cheapest Car Insurance Tulsa","83","753","","0","0","Indexable",""
"https://cheapestcarinsurancetulsa.com/blog/understanding-how-to-file-an-auto-insurance-claim","1","Understanding How to File an Auto Insurance Claim | Cheapest Car Insurance Tulsa","80","741","","0","0","Indexable",""
"https://cheapestcarinsurancetulsa.com/blog/auto-insurance-strategies-for-extreme-weather-preparedness","1","Auto Insurance Strategies for Extreme Weather Preparedness | Cheapest Car Insurance Tulsa","89","829","","0","0","Indexable",""
"https://cheapestcarinsurancetulsa.com/blog/how-ai-automation-transforms-cost-efficiency-in-insurance-key-benefits-and-implementation-strategies","1","How AI Automation Transforms Cost Efficiency in Insurance: Key Benefits and Implementation Strategies | Cheapest Car Insurance Tulsa","132","1218","","0","0","Indexable",""
"https://cheapestcarinsurancetulsa.com/blog/how-to-drive-down-car-insurance-premiums-in-oklahoma-affordable-car-insurance-tips-this-2024","1","How to Drive Down Car Insurance Premiums in Oklahoma, Affordable Car Insurance Tips This 2024 | Cheapest Car Insurance Tulsa","124","1161","","0","0","Indexable",""
"https://cheapestcarinsurancetulsa.com/blog/cheapest-renters-insurance","1","00.06 Cheapest Renters Insurance | Cheapest Car Insurance Tulsa","63","588","","0","0","Indexable",""
"https://cheapestcarinsurancetulsa.com/blog/top-ways-tulsa-drivers-can-save-on-their-car-insurance","1","Top Ways Tulsa Drivers Can Save on Their Car Insurance | Cheapest Car Insurance Tulsa","85","785","","0","0","Indexable",""
"https://cheapestcarinsurancetulsa.com/blog/is-online-car-insurance-safe-what-you-should-know-before-buying-in-tulsa-oklahoma","1","Is Online Car Insurance Safe? What You Should Know Before Buying in Tulsa, Oklahoma | Cheapest Car Insurance Tulsa","114","1058","","0","0","Indexable",""
"https://cheapestcarinsurancetulsa.com/blog/ai-solutions-transforming-insurance-industry-challenges-how-artificial-intelligence-enhances-claims-underwriting-risk-management-and-customer-experience","1","AI Solutions Transforming Insurance Industry Challenges: How Artificial Intelligence Enhances Claims, Underwriting, Risk Management, and Customer Experience | Cheapest Car Insurance Tulsa","187","1714","","0","0","Indexable",""
"https://cheapestcarinsurancetulsa.com/blog/modernize-insurance-agencies-with-quotelys-insurtech-operating-system","1","Modernize Insurance Agencies with Quotely&#8217;s Insurtech Operating System | Cheapest Car Insurance Tulsa","107","937","","0","0","Indexable",""
"https://cheapestcarinsurancetulsa.com/blog/why-oklahoma-city-drivers-need-comprehensive-car-insurance-coverage","1","Why Oklahoma City Drivers Need Comprehensive Car Insurance Coverage | Cheapest Car Insurance Tulsa","98","935","","0","0","Indexable",""
"https://cheapestcarinsurancetulsa.com/blog/tulsa-child-safety-insurance-tips","1","Safe Road Travels for Children in Tulsa (2025) | 10 Essential Tips | Cheapest Car Insurance Tulsa","97","860","","0","0","Indexable",""
"https://cheapestcarinsurancetulsa.com/blog/travel-like-a-pro","1","Travel Like a Pro | Cheapest Car Insurance Tulsa","48","430","","0","0","Indexable",""
"https://cheapestcarinsurancetulsa.com/blog/navigating-car-accidents-insured-vs-uninsured-car-owners-in-the-us","1","Navigating Car Accidents: Insured vs. Uninsured Car Owners in the US | Cheapest Car Insurance Tulsa","99","902","","0","0","Indexable",""
"https://cheapestcarinsurancetulsa.com/blog/motorworld-sydney-auto-show","2","MotorWorld Sydney | Premier Automotive Festival | Cheapest Car Insurance Tulsa","78","723","Discover the Future of Cars at MotorWorld Sydney 2016","53","494","Indexable",""
"https://cheapestcarinsurancetulsa.com/blog/understanding-car-insurance","1","Understanding Car Insurance: A Guide to Safe Auto Coverage Options | Cheapest Car Insurance Tulsa","97","899","","0","0","Indexable",""
"https://cheapestcarinsurancetulsa.com/contact","1","Contact | Cheapest Car Insurance Tulsa","38","352","","0","0","Indexable",""
"https://cheapestcarinsurancetulsa.com/contact-us","1","Contact Us | Cheapest Car Insurance Tulsa","41","380","","0","0","Indexable",""
"https://www.cheapestcarinsurancetulsa.com/","1","Compare Car Insurance in Tulsa | 10 Carriers | Free Quotes","58","520","","0","0","Non-Indexable","Canonicalised"
"https://www.cheapestcarinsurancetulsa.com/blog/maximize-cost-savings-with-ai-automation-in-insurance-how-to-reduce-costs-and-boost-efficiency","1","Maximize Cost Savings With AI Automation in Insurance: How to Reduce Costs and Boost Efficiency | Cheapest Car Insurance Tulsa","126","1171","","0","0","Non-Indexable","Canonicalised"
"https://www.cheapestcarinsurancetulsa.com/quote","1","Get a Free Quote | Cheapest Car Insurance Tulsa","47","431","","0","0","Non-Indexable","Canonicalised"
"https://www.cheapestcarinsurancetulsa.com/blog","1","Blog | Cheapest Car Insurance Tulsa","35","322","","0","0","Non-Indexable","Canonicalised"
"https://www.cheapestcarinsurancetulsa.com/editorial-standards","1","Editorial Standards | How We Create Trustworthy Content | Cheapest Car Insurance Tulsa","86","791","","0","0","Non-Indexable","Canonicalised"
"https://www.cheapestcarinsurancetulsa.com/terms","1","Terms of Service | Cheapest Car Insurance Tulsa","47","433","","0","0","Non-Indexable","Canonicalised"
"https://www.cheapestcarinsurancetulsa.com/accessibility","1","Accessibility Statement | Cheapest Car Insurance Tulsa","54","492","","0","0","Non-Indexable","Canonicalised"
"https://www.cheapestcarinsurancetulsa.com/blog/ezlynx-ams-crm-rater-a-practical-breakdown-for-independent-insurance-agencies","1","EZLynx AMS CRM Rater: A Practical Breakdown for Independent Insurance Agencies | Cheapest Car Insurance Tulsa","109","1030","","0","0","Non-Indexable","Canonicalised"
"https://www.cheapestcarinsurancetulsa.com/sms-terms","1","SMS Terms & Conditions | Cheapest Car Insurance Tulsa","53","504","","0","0","Non-Indexable","Canonicalised"
"https://www.cheapestcarinsurancetulsa.com/oklahoma-car-insurance-guide","1","Oklahoma Car Insurance Guide 2026 | Requirements, Rates & Tips | Cheapest Car Insurance Tulsa","93","868","","0","0","Non-Indexable","Canonicalised"
"https://www.cheapestcarinsurancetulsa.com/about","1","About Us | Licensed Oklahoma Insurance Agency | Cheapest Car Insurance Tulsa","76","717","","0","0","Non-Indexable","Canonicalised"
"https://www.cheapestcarinsurancetulsa.com/industry-news","1","Auto Insurance Industry News | Oklahoma & National Coverage | Cheapest Car Insurance Tulsa","90","841","","0","0","Non-Indexable","Canonicalised"
"https://www.cheapestcarinsurancetulsa.com/blog/auto-and-home-insurance-rater-software-compare-quotes-save-time-and-boost-agency-efficiency","1","Auto and Home Insurance Rater Software: Compare Quotes, Save Time, and Boost Agency Efficiency | Cheapest Car Insurance Tulsa","125","1176","","0","0","Non-Indexable","Canonicalised"
"https://www.cheapestcarinsurancetulsa.com/faq","1","Car Insurance FAQ | Common Questions Answered | Cheapest Car Insurance Tulsa","76","733","","0","0","Non-Indexable","Canonicalised"
"https://www.cheapestcarinsurancetulsa.com/privacy","1","Privacy Policy | Cheapest Car Insurance Tulsa","45","405","","0","0","Non-Indexable","Canonicalised"
"https://www.cheapestcarinsurancetulsa.com/blog/navigating-the-claims-process-for-totaled-vehicles","1","Navigating the Claims Process for Totaled Vehicles | Cheapest Car Insurance Tulsa","81","740","","0","0","Non-Indexable","Canonicalised"
"https://www.cheapestcarinsurancetulsa.com/blog/find-the-best-car-insurance-in-tulsa-oklahoma-a-comprehensive-guide","1","Find the Best Car Insurance in Tulsa, Oklahoma: A Comprehensive Guide | Cheapest Car Insurance Tulsa","100","925","","0","0","Non-Indexable","Canonicalised"
"https://www.cheapestcarinsurancetulsa.com/blog/ezlynx-ams-crm-rater","1","EZLynx AMS CRM Rater | Cheapest Car Insurance Tulsa","51","494","","0","0","Non-Indexable","Canonicalised"
"https://www.cheapestcarinsurancetulsa.com/blog/types-of-car-insurance-coverage-explained","1","Types of Car Insurance Coverage Explained | Cheapest Car Insurance Tulsa","72","668","","0","0","Non-Indexable","Canonicalised"
"https://www.cheapestcarinsurancetulsa.com/blog/the-ultimate-guide-to-self-care-daily-habits-to-boost-your-mood","1","The Ultimate Guide to Self-Care: Daily Habits to Boost Your Mood | Cheapest Car Insurance Tulsa","95","862","","0","0","Non-Indexable","Canonicalised"
"https://cheapestcarinsurancetulsa.com/?swcfpc=1","1","Compare Car Insurance in Tulsa | 10 Carriers | Free Quotes","58","520","","0","0","Non-Indexable","Canonicalised"
"https://www.cheapestcarinsurancetulsa.com/blog/auto-insurance-strategies-for-extreme-weather-preparedness","1","Auto Insurance Strategies for Extreme Weather Preparedness | Cheapest Car Insurance Tulsa","89","829","","0","0","Non-Indexable","Canonicalised"
"https://www.cheapestcarinsurancetulsa.com/blog/blog-post-title","1","Blog Post Title | Cheapest Car Insurance Tulsa","46","412","","0","0","Non-Indexable","Canonicalised"
"https://www.cheapestcarinsurancetulsa.com/blog/cheaper-auto-insurance-oklahoma","1","00.03 Guide to Cheaper Auto Insurance in Oklahoma | Cheapest Car Insurance Tulsa","80","748","","0","0","Non-Indexable","Canonicalised"
"https://www.cheapestcarinsurancetulsa.com/blog/10-common-mistakes-tulsa-drivers-make-when-buying-auto-insurance","1","10 Common Mistakes Tulsa Drivers Make When Buying Auto Insurance | Cheapest Car Insurance Tulsa","95","913","","0","0","Non-Indexable","Canonicalised"
"https://www.cheapestcarinsurancetulsa.com/blog/navigating-oklahoma-roads-a-comprehensive-guide-to-driving-and-car-insurance-in-ok","1","Navigating Oklahoma Roads: A Comprehensive Guide to Driving and Car Insurance in OK | Cheapest Car Insurance Tulsa","114","1067","","0","0","Non-Indexable","Canonicalised"
"https://www.cheapestcarinsurancetulsa.com/blog/tulsa-best-car-insurance","1","00.05 Tulsa&#8217;s Best Car Insurance | Cheapest Car Insurance Tulsa","69","574","","0","0","Non-Indexable","Canonicalised"
"https://www.cheapestcarinsurancetulsa.com/blog/ai-automation-advantages-transforming-insurance-operations","1","AI Automation Advantages Transforming Insurance Operations | Cheapest Car Insurance Tulsa","89","842","","0","0","Non-Indexable","Canonicalised"
"https://www.cheapestcarinsurancetulsa.com/blog/why-ai-is-making-legacy-insurance-raters-obsolete","1","Why AI is Making Legacy Insurance Raters Obsolete | Cheapest Car Insurance Tulsa","80","742","","0","0","Non-Indexable","Canonicalised"
"https://www.cheapestcarinsurancetulsa.com/blog/understanding-premium-vs-standard-car-insurance-in-oklahoma","1","Understanding Premium vs Standard Car Insurance in Oklahoma | Cheapest Car Insurance Tulsa","90","854","","0","0","Non-Indexable","Canonicalised"
"https://www.cheapestcarinsurancetulsa.com/blog/comprehensive-guide-to-comparative-rating-software-for-independent-insurance-agents","1","Comprehensive Guide to Comparative Rating Software for Independent Insurance Agents | Cheapest Car Insurance Tulsa","114","1074","","0","0","Non-Indexable","Canonicalised"
"https://www.cheapestcarinsurancetulsa.com/car-insurance-glenpool","1","Cheap Car Insurance Glenpool, OK | Compare 10 Carriers | Cheapest Car Insurance Tulsa","85","786","","0","0","Non-Indexable","Canonicalised"
"https://www.cheapestcarinsurancetulsa.com/progressive-car-insurance","1","Progressive Car Insurance in Tulsa, OK | Compare Quotes | Cheapest Car Insurance Tulsa","86","791","","0","0","Non-Indexable","Canonicalised"
"https://www.cheapestcarinsurancetulsa.com/car-insurance-sand-springs","1","Cheap Car Insurance Sand Springs, OK | Compare 10 Carriers | Cheapest Car Insurance Tulsa","89","825","","0","0","Non-Indexable","Canonicalised"
"https://www.cheapestcarinsurancetulsa.com/car-insurance-collinsville","1","Cheap Car Insurance Collinsville, OK | Compare 10 Carriers | Cheapest Car Insurance Tulsa","89","803","","0","0","Non-Indexable","Canonicalised"
"https://www.cheapestcarinsurancetulsa.com/car-insurance-jenks","1","Cheap Car Insurance Jenks, OK | Compare 10 Carriers | Cheapest Car Insurance Tulsa","82","760","","0","0","Non-Indexable","Canonicalised"
"https://www.cheapestcarinsurancetulsa.com/car-insurance-sapulpa","1","Cheap Car Insurance Sapulpa, OK | Compare 10 Carriers | Cheapest Car Insurance Tulsa","84","779","","0","0","Non-Indexable","Canonicalised"
"https://www.cheapestcarinsurancetulsa.com/car-insurance-bixby","1","Cheap Car Insurance Bixby, OK | Compare 10 Carriers | Cheapest Car Insurance Tulsa","82","755","","0","0","Non-Indexable","Canonicalised"
"https://www.cheapestcarinsurancetulsa.com/car-insurance-broken-arrow","1","Cheap Car Insurance Broken Arrow, OK | Compare 10 Carriers | Cheapest Car Insurance Tulsa","89","826","","0","0","Non-Indexable","Canonicalised"
"https://www.cheapestcarinsurancetulsa.com/car-insurance-owasso","1","Cheap Car Insurance Owasso, OK | Compare 10 Carriers | Cheapest Car Insurance Tulsa","83","778","","0","0","Non-Indexable","Canonicalised"
"https://www.cheapestcarinsurancetulsa.com/blog/insurance-agent-platform-how-to-boost-agency-productivity-and-operational-intelligence","1","Insurance Agent Platform: How to Boost Agency Productivity and Operational Intelligence | Cheapest Car Insurance Tulsa","118","1076","","0","0","Non-Indexable","Canonicalised"
"https://www.cheapestcarinsurancetulsa.com/blog/affordable-car-insurance-oklahoma","1","Affordable Car Insurance for Smart Drivers in Oklahoma | Cheapest Car Insurance Tulsa","85","777","","0","0","Non-Indexable","Canonicalised"
"https://www.cheapestcarinsurancetulsa.com/blog/save-money-on-car-insurance","1","Save Money Fast: Affordable Car Insurance Strategies That Work | Cheapest Car Insurance Tulsa","93","859","","0","0","Non-Indexable","Canonicalised"
"https://www.cheapestcarinsurancetulsa.com/blog/https-cheapestcarinsurancetulsa-com-top-10-reliable-cars-for-every-budget-in-tulsa","1","Top 10 Reliable Cars for Every Budget in Tulsa – Find Your Perfect Vehicle | Cheapest Car Insurance Tulsa","105","940","","0","0","Non-Indexable","Canonicalised"
"https://www.cheapestcarinsurancetulsa.com/blog/gail-insurtech-platform-how-ai-empowers-independent-insurance-agents-to-boost-sales-and-efficiency","1","Gail Insurtech Platform: How AI Empowers Independent Insurance Agents to Boost Sales and Efficiency | Cheapest Car Insurance Tulsa","130","1202","","0","0","Non-Indexable","Canonicalised"
"https://www.cheapestcarinsurancetulsa.com/blog/save-money-insurance","2","3.6 Progressive Auto Insurance | Cheapest Car Insurance Tulsa","61","560","Affordable Progressive Auto Insurance in Oklahoma - Comprehensive Guide","71","672","Non-Indexable","Canonicalised"
"https://www.cheapestcarinsurancetulsa.com/blog/insights","1","4.2Insights | Cheapest Car Insurance Tulsa","42","381","","0","0","Non-Indexable","Canonicalised"
"https://www.cheapestcarinsurancetulsa.com/blog/ok","1","00.02 UVED Vehicle Enforcement | Cheapest Car Insurance Tulsa","61","577","","0","0","Non-Indexable","Canonicalised"
"https://www.cheapestcarinsurancetulsa.com/blog/how-to-calculate-your-car-insurance-premiums-a-comprehensive-guide","1","How to Calculate Your Car Insurance Premiums: A Comprehensive Guide | Cheapest Car Insurance Tulsa","98","929","","0","0","Non-Indexable","Canonicalised"
"https://www.cheapestcarinsurancetulsa.com/blog/why-ai-driven-insurance-software-outperforms-traditional-methods","1","Why AI-Driven Insurance Software Outperforms Traditional Methods | Cheapest Car Insurance Tulsa","95","885","","0","0","Non-Indexable","Canonicalised"
"https://www.cheapestcarinsurancetulsa.com/blog/ai-automation-benefits-for-efficiency-in-insurance-how-ai-enhances-operations-accuracy-and-customer-experience","1","AI Automation Benefits for Efficiency in Insurance: How AI Enhances Operations, Accuracy, and Customer Experience | Cheapest Car Insurance Tulsa","144","1321","","0","0","Non-Indexable","Canonicalised"
"https://www.cheapestcarinsurancetulsa.com/blog/child-safety-driving-with-babies","1","Child Safety on the Road: Best Practices for Driving with Babies | Cheapest Car Insurance Tulsa","95","844","","0","0","Non-Indexable","Canonicalised"
"https://www.cheapestcarinsurancetulsa.com/blog/tulsa-child-safety-insurance-tips","1","Safe Road Travels for Children in Tulsa (2025) | 10 Essential Tips | Cheapest Car Insurance Tulsa","97","860","","0","0","Non-Indexable","Canonicalised"
"https://www.cheapestcarinsurancetulsa.com/blog/car-insurance-in-oklahoma","1","Car Insurance in Oklahoma | Budget-Friendly Solutions That Drive Smart | Cheapest Car Insurance Tulsa","101","919","","0","0","Non-Indexable","Canonicalised"
"https://www.cheapestcarinsurancetulsa.com/blog/full-coverage-car-insurance-2024","1","Is Full Coverage Car Insurance Worth It in 2024? Here’s What You Need to Know | Cheapest Car Insurance Tulsa","108","990","","0","0","Non-Indexable","Canonicalised"
"https://www.cheapestcarinsurancetulsa.com/blog/deepseek-r1-model","1","DeepSeek.ai R1 Model: Open-Source AI Power Redefined | Cheapest Car Insurance Tulsa","83","786","","0","0","Non-Indexable","Canonicalised"
"https://www.cheapestcarinsurancetulsa.com/blog/updating-your-car-insurance-policy-following-significant-life-events-2","1","Updating Your Car Insurance Policy Following Significant Life Events | Cheapest Car Insurance Tulsa","99","890","","0","0","Non-Indexable","Canonicalised"
"https://www.cheapestcarinsurancetulsa.com/blog/why-tulsa-drivers-should-consider-uninsured-motorist-coverage","1","Why Tulsa Drivers Should Consider Uninsured Motorist Coverage | Cheapest Car Insurance Tulsa","92","857","","0","0","Non-Indexable","Canonicalised"
"https://www.cheapestcarinsurancetulsa.com/blog/3-7equity-auto-insurance","2","3.7Equity Auto Insurance | Cheapest Car Insurance Tulsa","55","504","Equity Auto Insurance | Cheap Affordable Coverage","49","455","Non-Indexable","Canonicalised"
"https://www.cheapestcarinsurancetulsa.com/blog/modernize-insurance-agencies-with-quotelys-insurtech-operating-system-2","1","Modernize Insurance Agencies with Quotely&#8217;s Insurtech Operating System | Cheapest Car Insurance Tulsa","107","937","","0","0","Non-Indexable","Canonicalised"
"https://www.cheapestcarinsurancetulsa.com/blog/navigating-car-accidents-insured-vs-uninsured-car-owners-in-the-us","1","Navigating Car Accidents: Insured vs. Uninsured Car Owners in the US | Cheapest Car Insurance Tulsa","99","902","","0","0","Non-Indexable","Canonicalised"
"https://www.cheapestcarinsurancetulsa.com/blog/modernize-insurance-agencies-with-quotelys-insurtech-operating-system","1","Modernize Insurance Agencies with Quotely&#8217;s Insurtech Operating System | Cheapest Car Insurance Tulsa","107","937","","0","0","Non-Indexable","Canonicalised"
"https://www.cheapestcarinsurancetulsa.com/blog/is-your-car-properly-insured","1","Is Your Car Properly Insured? A Quick Checklist for Peace of Mind | Cheapest Car Insurance Tulsa","96","862","","0","0","Non-Indexable","Canonicalised"
"https://www.cheapestcarinsurancetulsa.com/blog/is-online-car-insurance-safe-what-you-should-know-before-buying-in-tulsa-oklahoma","1","Is Online Car Insurance Safe? What You Should Know Before Buying in Tulsa, Oklahoma | Cheapest Car Insurance Tulsa","114","1058","","0","0","Non-Indexable","Canonicalised"
"https://www.cheapestcarinsurancetulsa.com/blog/cheapest-renters-insurance","1","00.06 Cheapest Renters Insurance | Cheapest Car Insurance Tulsa","63","588","","0","0","Non-Indexable","Canonicalised"
"https://www.cheapestcarinsurancetulsa.com/blog/how-ai-automation-transforms-cost-efficiency-in-insurance-key-benefits-and-implementation-strategies","1","How AI Automation Transforms Cost Efficiency in Insurance: Key Benefits and Implementation Strategies | Cheapest Car Insurance Tulsa","132","1218","","0","0","Non-Indexable","Canonicalised"
"https://www.cheapestcarinsurancetulsa.com/blog/understanding-how-to-file-an-auto-insurance-claim","1","Understanding How to File an Auto Insurance Claim | Cheapest Car Insurance Tulsa","80","741","","0","0","Non-Indexable","Canonicalised"
"https://www.cheapestcarinsurancetulsa.com/blog/ai-automation-benefits-in-insurance-software-how-ai-enhances-efficiency-accuracy-and-customer-experience","1","AI Automation Benefits in Insurance Software: How AI Enhances Efficiency, Accuracy, and Customer Experience | Cheapest Car Insurance Tulsa","138","1273","","0","0","Non-Indexable","Canonicalised"
"https://www.cheapestcarinsurancetulsa.com/blog/tulsa-teen-drivers-tips-for-affordable-car-insurance","1","Tulsa Teen Drivers: Tips for Affordable Car Insurance | Cheapest Car Insurance Tulsa","84","754","","0","0","Non-Indexable","Canonicalised"
"https://www.cheapestcarinsurancetulsa.com/blog/why-oklahoma-city-drivers-need-comprehensive-car-insurance-coverage","1","Why Oklahoma City Drivers Need Comprehensive Car Insurance Coverage | Cheapest Car Insurance Tulsa","98","935","","0","0","Non-Indexable","Canonicalised"
"https://www.cheapestcarinsurancetulsa.com/blog/buying-auto-insurance-guide","1","Buying Auto Insurance: The Beginner’s Guide | Cheapest Car Insurance Tulsa","74","680","","0","0","Non-Indexable","Canonicalised"
"https://www.cheapestcarinsurancetulsa.com/blog/top-ways-tulsa-drivers-can-save-on-their-car-insurance","1","Top Ways Tulsa Drivers Can Save on Their Car Insurance | Cheapest Car Insurance Tulsa","85","785","","0","0","Non-Indexable","Canonicalised"
"https://www.cheapestcarinsurancetulsa.com/blog/teen-insure-tips","1","00.01 Essential Car Insurance Tips for New Teen Drivers | Cheapest Car Insurance Tulsa","86","782","","0","0","Non-Indexable","Canonicalised"
"https://www.cheapestcarinsurancetulsa.com/blog/factors-that-affect-your-car-insurance-premium","1","Factors That Affect Your Car Insurance Premium | Cheapest Car Insurance Tulsa","77","715","","0","0","Non-Indexable","Canonicalised"
"https://www.cheapestcarinsurancetulsa.com/blog/comprehensive-guide-to-car-insurance-in-tulsa-oklahoma","1","Comprehensive Guide to Car Insurance in Tulsa, Oklahoma | Cheapest Car Insurance Tulsa","86","804","","0","0","Non-Indexable","Canonicalised"
"https://www.cheapestcarinsurancetulsa.com/blog/comparing-full-coverage-vs-liability-insurance-for-oklahoma-drivers","1","Comparing Full Coverage vs. Liability Insurance for Oklahoma Drivers | Cheapest Car Insurance Tulsa","99","896","","0","0","Non-Indexable","Canonicalised"
"https://www.cheapestcarinsurancetulsa.com/blog/motorworld-sydney-auto-show","2","MotorWorld Sydney | Premier Automotive Festival | Cheapest Car Insurance Tulsa","78","723","Discover the Future of Cars at MotorWorld Sydney 2016","53","494","Non-Indexable","Canonicalised"
"https://www.cheapestcarinsurancetulsa.com/blog/travel-like-a-pro","1","Travel Like a Pro | Cheapest Car Insurance Tulsa","48","430","","0","0","Non-Indexable","Canonicalised"
"https://www.cheapestcarinsurancetulsa.com/blog/updating-your-car-insurance-policy-following-significant-life-events","1","Updating Your Car Insurance Policy Following Significant Life Events | Cheapest Car Insurance Tulsa","99","890","","0","0","Non-Indexable","Canonicalised"
"https://www.cheapestcarinsurancetulsa.com/blog/how-to-drive-down-car-insurance-premiums-in-oklahoma-affordable-car-insurance-tips-this-2024","1","How to Drive Down Car Insurance Premiums in Oklahoma, Affordable Car Insurance Tips This 2024 | Cheapest Car Insurance Tulsa","124","1161","","0","0","Non-Indexable","Canonicalised"
"https://www.cheapestcarinsurancetulsa.com/blog/evaluating-full-coverage-car-insurance-benefits-and-considerations","1","Evaluating Full Coverage Car Insurance: Benefits and Considerations | Cheapest Car Insurance Tulsa","98","891","","0","0","Non-Indexable","Canonicalised"
"https://www.cheapestcarinsurancetulsa.com/blog/ai-solutions-transforming-insurance-industry-challenges-how-artificial-intelligence-enhances-claims-underwriting-risk-management-and-customer-experience","1","AI Solutions Transforming Insurance Industry Challenges: How Artificial Intelligence Enhances Claims, Underwriting, Risk Management, and Customer Experience | Cheapest Car Insurance Tulsa","187","1714","","0","0","Non-Indexable","Canonicalised"
"https://www.cheapestcarinsurancetulsa.com/blog/tips-on-how-to-save-on-car-insurance-in-tulsa-easily","1","Tips on How to Save on Car Insurance in Tulsa Easily | Cheapest Car Insurance Tulsa","83","753","","0","0","Non-Indexable","Canonicalised"
"https://www.cheapestcarinsurancetulsa.com/blog/what-are-the-key-benefits-of-ai-automation-in-insurance","1","What Are the Key Benefits of AI Automation in Insurance? | Cheapest Car Insurance Tulsa","87","792","","0","0","Non-Indexable","Canonicalised"
"https://www.cheapestcarinsurancetulsa.com/blog/how-cars-and-trucks-alter-insurance-premiums-in-tulsa","1","How Cars and Trucks Alter Insurance Premiums in Tulsa | Cheapest Car Insurance Tulsa","84","784","","0","0","Non-Indexable","Canonicalised"
"https://www.cheapestcarinsurancetulsa.com/blog/your-ultimate-guide-to-insurance-agency-management-systems-features-benefits-and-solutions-for-agents","1","Your Ultimate Guide to Insurance Agency Management Systems: Features, Benefits, and Solutions for Agents | Cheapest Car Insurance Tulsa","135","1251","","0","0","Non-Indexable","Canonicalised"
"https://www.cheapestcarinsurancetulsa.com/blog/understanding-the-basics-of-car-insurance","1","Understanding the Basics of Car Insurance | Cheapest Car Insurance Tulsa","72","661","","0","0","Non-Indexable","Canonicalised"
"https://www.cheapestcarinsurancetulsa.com/blog/understanding-car-insurance","1","Understanding Car Insurance: A Guide to Safe Auto Coverage Options | Cheapest Car Insurance Tulsa","97","899","","0","0","Non-Indexable","Canonicalised"
"https://www.cheapestcarinsurancetulsa.com/blog/why-every-oklahoman-needs-quality-car-insurance-2","1","Why Every Oklahoman Needs Quality Car Insurance? | Cheapest Car Insurance Tulsa","79","746","","0","0","Non-Indexable","Canonicalised"
"https://www.cheapestcarinsurancetulsa.com/blog/affordable-auto-insurance-secure-low-rates-in-tulsa-oklahoma","1","Affordable Auto Insurance: Secure Low Rates in Tulsa, Oklahoma | Cheapest Car Insurance Tulsa","93","860","","0","0","Non-Indexable","Canonicalised"
"https://www.cheapestcarinsurancetulsa.com/blog/how-to-plan-a-last-minute-weekend-getaway","1","How to Plan a Last-Minute Weekend Getaway | Cheapest Car Insurance Tulsa","72","687","","0","0","Non-Indexable","Canonicalised"
"https://www.cheapestcarinsurancetulsa.com/blog/oklahoma-auto-insurance-guide","1","Understanding Oklahoma Auto Insurance: Essential Guide | Cheapest Car Insurance Tulsa","85","795","","0","0","Non-Indexable","Canonicalised"
"https://www.cheapestcarinsurancetulsa.com/blog/the-quotely-ai-revolution-1-37-hour-vs-15-hour-staff","1","The Quotely AI Revolution: $1.37/Hour vs $15+/Hour Staff | Cheapest Car Insurance Tulsa","87","799","","0","0","Non-Indexable","Canonicalised"
"https://www.cheapestcarinsurancetulsa.com/blog/quotely-founder-dustin-wyzard-tulsa","1","TryQuotely.com | Cheapest Car Insurance Tulsa","45","422","","0","0","Non-Indexable","Canonicalised"
"https://www.cheapestcarinsurancetulsa.com/blog/ai-in-insurance-how-its-revolutionizing-agencies-and-operations","1","AI in Insurance: How It&#8217;s Revolutionizing Agencies and Operations | Cheapest Car Insurance Tulsa","102","865","","0","0","Non-Indexable","Canonicalised"
"https://www.cheapestcarinsurancetulsa.com/blog/finding-the-ideal-age-for-maximum-car-insurance-savings-in-oklahoma-city","1","Finding the Ideal Age for Maximum Car Insurance Savings in Oklahoma City | Cheapest Car Insurance Tulsa","103","953","","0","0","Non-Indexable","Canonicalised"
"https://www.cheapestcarinsurancetulsa.com/blog/how-ai-solutions-transform-efficiency-in-insurance-software-for-independent-agents-and-agencies","1","How AI Solutions Transform Efficiency in Insurance Software for Independent Agents and Agencies | Cheapest Car Insurance Tulsa","126","1164","","0","0","Non-Indexable","Canonicalised"
"https://www.cheapestcarinsurancetulsa.com/blog/why-comprehensive-coverage-is-a-must-for-tulsas-storm-season","1","Why Comprehensive Coverage Is a Must for Tulsa’s Storm Season | Cheapest Car Insurance Tulsa","92","870","","0","0","Non-Indexable","Canonicalised"
"https://www.cheapestcarinsurancetulsa.com/blog/why-every-oklahoman-needs-quality-car-insurance","1","Why Every Oklahoman Needs Quality Car Insurance? | Cheapest Car Insurance Tulsa","79","746","","0","0","Non-Indexable","Canonicalised"
"https://www.cheapestcarinsurancetulsa.com/blog/financial-security-in-insurance","1","Financial Security in Insurance | Cheapest Car Insurance Tulsa","62","552","","0","0","Non-Indexable","Canonicalised"
"https://www.cheapestcarinsurancetulsa.com/blog/understanding-car-insurance-a-guide-to-safe-auto-coverage-options","1","Understanding Car Insurance: A Guide to Safe Auto Coverage Options | Cheapest Car Insurance Tulsa","97","899","","0","0","Non-Indexable","Canonicalised"
"https://www.cheapestcarinsurancetulsa.com/blog/the-impact-of-credit-scores-on-auto-insurance-premiums","1","The Impact of Credit Scores on Auto Insurance Premiums | Cheapest Car Insurance Tulsa","85","794","","0","0","Non-Indexable","Canonicalised"
"https://www.cheapestcarinsurancetulsa.com/blog/save-big-by-bundling-home-and-auto-insurance-in-tulsa","1","Save Big by Bundling Home and Auto Insurance in Tulsa | Cheapest Car Insurance Tulsa","84","780","","0","0","Non-Indexable","Canonicalised"
"https://www.cheapestcarinsurancetulsa.com/blog/what-to-do-after-a-car-accident","1","Car Accident Checklist: How to Stay Safe and Protected | Cheapest Car Insurance Tulsa","85","777","","0","0","Non-Indexable","Canonicalised"
"https://www.cheapestcarinsurancetulsa.com/blog/new-driver-essential-car-insurance-tips-for-2024","1","New Driver? Essential Car Insurance Tips for 2024 | Cheapest Car Insurance Tulsa","80","726","","0","0","Non-Indexable","Canonicalised"
"https://www.cheapestcarinsurancetulsa.com/blog/comparing-auto-insurance-costs-tulsa-vs-major-cities","1","Comparing Auto Insurance Costs: Tulsa vs. Major Cities | Cheapest Car Insurance Tulsa","85","778","","0","0","Non-Indexable","Canonicalised"
